price,bedroom,hsize,lsize,location,facility
320000000 ,2,36,72,Kedungkandang,2.0
600000000 ,3,70,64,Dau,4.0
459000000 ,3,65,60,Pakis,6.0
227000000 ,2,62,43,Pakis,6.0
250000000 ,2,50,84,Singosari,
130000000 ,1,21,50,Blimbing,10.0
1350000000 ,13,280,84,Tlogomas,7.0
,2,30,60,Sukun,
155000000 ,1,21,50,Lawang,6.0
161000000 ,2,30,60,Sukun,4.0
450000000 ,2,50,78,Pakisaji,3.0
350000000 ,2,36,60,Dau,14.0
250000000 ,2,36,60,Singosari,8.0
170000000 ,2,27,60,Wagir,3.0
,3,60,60,Dau,
479000000 ,2,47,72,Dau,12.0
375000000 ,2,50,72,Dau,2.0
399000000 ,2,36,62,Malang,3.0
431000000 ,2,38,38,Merjosari,
350000000 ,2,48,72,Kedungkandang,9.0
350000000 ,3,65,70,Ploso,3.0
200000000 ,2,36,72,Bandulan,13.0
400000000 ,3,60,72,Ploso,9.0
650000000 ,3,60,77,Dau,4.0
594000000 ,2,42,69,Lowokwaru,6.0
615000000 ,2,55,55,Dau,
235000000 ,2,30,90,Ploso,17.0
200000000 ,2,36,60,Ploso,2.0
200000000 ,2,36,66,Lowokwaru,9.0
155000000 ,2,30,60,Sukun,4.0
276000000 ,2,36,60,Sawojajar,3.0
135000000 ,10,168,168,Merjosari,
385000000 ,2,45,68,Pakis,2.0
225000000 ,2,36,50,Ploso,
169000000 ,2,30,60,Bululawang,
350000000 ,2,38,60,Dau,
650000000 ,3,200,86,Singosari,
594000000 ,42,69,69,Lowokwaru,
375000000 ,3,56,73,Blimbing,9.0
249000000 ,2,38,66,Kedungkandang,7.0
395000000 ,3,45,50,Lowokwaru,3.0
599500000 ,2,60,72,Sawojajar,6.0
2775000000 ,4,200,200,Kedungkandang,16.0
500000000 ,2,40,72,Lowokwaru,7.0
1510000000 ,3,100,115,Batu-Malang,7.0
1500000000 ,11,198,115,Lowokwaru,4.0
500000000 ,2,45,83,Malang,3.0
890000000 ,8,140,72,Tunjungsekar,10.0
146000000 ,2,30,60,Wagir,21.0
250000000 ,2,38,66,Cemorokandang,
815000000 ,3,129,167,Kepanjen,3.0
225000000 ,2,62,43,Pakis,4.0
475000000 ,2,60,96,Kedungkandang,
3650000000 ,4,195,1200,Merjosari,10.0
174000000 ,2,28,60,Sukun,12.0
298000000 ,2,49,67,Sukun,8.0
601000000 ,2,45,83,Tunggulwulung,
530000000 ,2,45,72,Tunjungsekar,
1250000000 ,10,120,106,Lowokwaru,14.0
279000000 ,2,36,66,Ploso,9.0
1642000000 ,8,125,127,Jatimulyo,4.0
300000000 ,2,55,90,Lowokwaru,
99000000 ,30,,30,Ploso,
350000000 ,2,36,57,Kotalama,
15000000000 ,26,1000,629,Ketawanggede,
499000000 ,3,70,72,Pakis,
265000000 ,2,36,74,Singosari,5.0
300000000 ,2,55,90,Ploso,
675000000 ,2,68,70,Dau,6.0
,10,375,375,Dinoyo,10.0
1200000000 ,4,210,85,Blimbing,6.0
473000000 ,2,40,67,Sukun,2.0
1900000000 ,4,188,188,Dinoyo,8.0
4000000000 ,7,385,355,Sukun,7.0
535000000 ,2,96,103,Kotalama,
150000000 ,2,25,60,Pakis,3.0
415000000 ,2,45,98,Kepanjen,2.0
252000000 ,2,36,72,Tlogowaru,2.0
1994000000 ,4,100,205,Ploso,4.0
765000000 ,3,62,83,Tunggulwulung,
1200000000 ,5,288,144,Asri,5.0
465000000 ,3,70,56,Dau,10.0
2600000000 ,4,150,260,Lowokwaru,11.0
395000000 ,3,60,70,Kedungkandang,3.0
530000000 ,2,48,60,Lowokwaru,6.0
1129000000 ,6,82,60,Merjosari,3.0
660500000 ,2,50,118,Dinoyo,3.0
351000000 ,2,36,60,Sukun,
190000000 ,2,30,60,Gondanglegi,3.0
10000000000 ,6,528,528,Klojen,
899000000 ,2,57,55,Pakis,
1300000000 ,2,65,115,Klojen,13.0
575000000 ,3,63,62,Dau,8.0
1000000000 ,8,190,162,Lowokwaru,1.0
279000000 ,2,36,66,Malang,6.0
300000000 ,2,60,25,Malang,
450000000 ,2,46,63,Sukun,4.0
1600000000 ,11,198,115,Lowokwaru,8.0
260000000 ,2,30,1,Ploso,13.0
459000000 ,3,65,60,Pakis,
304000000 ,2,33,64,Ploso,1.0
217000000 ,2,30,72,Ploso,
550000000 ,2,70,70,Lowokwaru,
1900000000 ,4,200,279,Lowokwaru,9.0
335000000 ,2,40,65,Sukun,8.0
1700000000 ,13,300,100,Lowokwaru,
2233440000 ,12,164,120,Merjosari,3.0
369000000 ,2,50,60,Kedungkandang,
,2,85,85,Lowokwaru,12.0
1400000000 ,10,168,84,Malang,2.0
299000000 ,2,48,66,Sukun,6.0
344000000 ,2,50,60,Pakis,3.0
2030000000 ,10,225,75,Lowokwaru,3.0
698000000 ,7,105,72,Dau,3.0
325000000 ,2,36,70,Dau,2.0
550000000 ,2,45,80,Lowokwaru,3.0
530000000 ,2,48,60,Lowokwaru,6.0
425000000 ,2,45,72,Dau,3.0
335000000 ,2,40,65,Sukun,8.0
499000000 ,3,65,65,Dau,5.0
2900000000 ,5,155,163,Lowokwaru,9.0
992000000 ,3,75,92,Blimbing,9.0
,2,45,45,Madu,
1300000000 ,6,208,208,Bunulrejo,9.0
650000000 ,4,160,86,Tlogowaru,1.0
1100000000 ,4,180,91,Malang,4.0
250000000 ,2,36,60,Wagir,6.0
599000000 ,3,57,66,Dau,10.0
800000000 ,3,70,87,Sukun,
,3,135,135,Blimbing,
1400000000 ,3,144,119,Blimbing,21.0
9000000000 ,6,730,450,Sukun,8.0
375000000 ,2,50,78,Malang,
1350000000 ,4,129,160,Pandanwangi,
330000000 ,2,38,60,Malang,5.0
4800000000 ,4,275,240,Blimbing,11.0
683000000 ,3,60,69,Lowokwaru,5.0
780000000 ,2,58,81,Lowokwaru,5.0
675000000 ,3,60,84,Lowokwaru,
2500000000 ,4,200,257,Lowokwaru,4.0
380000000 ,2,40,60,Wagir,2.0
5415000000 ,5,274,264,Sukun,4.0
2800000000 ,15,250,117,Jatimulyo,4.0
345000000 ,2,50,60,Kedungkandang,4.0
375000000 ,2,40,90,Malang,6.0
375000000 ,2,40,90,Malang,5.0
1600000000 ,11,198,115,Lowokwaru,8.0
840000000 ,2,60,63,Dowo,
3400000000 ,4,250,318,TIDAR,7.0
3200000000 ,3,200,190,Bululawang,11.0
2200000000 ,7,200,182,Lowokwaru,4.0
5500000000 ,28,620,383,Lowokwaru,
950000000 ,2,65,84,Malang,2.0
635000000 ,2,67,98,Ploso,2.0
1300000000 ,3,100,120,Blimbing,
330000000 ,2,40,40,Malang,
2400000000 ,10,180,104,Lowokwaru,4.0
850000000 ,2,70,90,Blimbing,
2300000000 ,3,150,218,Mandala,
425000000 ,2,36,60,Dau,3.0
1000000000 ,5,90,87,Karangbesuki,1.0
2900000000 ,4,200,210,Hatta,
2400000000 ,3,96,126,Lowokwaru,11.0
1180000000 ,4,114,97,Blimbing,4.0
3800000000 ,4,250,313,Sukun,3.0
950000000 ,4,105,87,Sukun,3.0
3500000000 ,5,250,300,Malang,2.0
435000000 ,2,48,60,Dau,9.0
3500000000 ,7,450,522,Ploso,3.0
335000000 ,2,40,90,Kedungkandang,6.0
1100000000 ,4,180,91,Malang,11.0
9000000000 ,6,400,561,Blimbing,6.0
780000000 ,2,58,81,Tunggulwulung,6.0
1350000000 ,3,120,120,Blimbing,4.0
399500000 ,2,45,60,Kedungkandang,2.0
6000000000 ,6,601,401,Lowokwaru,2.0
3000000000 ,5,200,210,Lowokwaru,6.0
1300000000 ,4,120,145,Kedungkandang,2.0
910000000 ,2,80,143,Sukun,
675000000 ,2,45,85,Tunggulwulung,6.0
2650000000 ,2,189,126,Malang,
2500000000 ,7,200,164,Malang,
2350000000 ,4,203,128,Mojolangu,2.0
10000000000 ,4,550,496,Dieng,
130000000 ,3,60,60,Lowokwaru,4.0
1100000000 ,2,100,120,Sukun,2.0
975000000 ,2,50,90,Blimbing,
9750000000 ,5,350,540,Malang,
295000000 ,2,30,66,Arjowinangun,
1600000000 ,4,120,120,Malang,
1250000000 ,10,120,106,Lowokwaru,9.0
1600000000 ,2,178,178,Malang,
900000000 ,3,103,70,Lowokwaru,4.0
7500000000 ,9,600,685,Malang,
2200000000 ,4,120,184,Malang,
579500000 ,2,45,98,Cemorokandang,
,2,85,85,Malang,12.0
650000000 ,2,70,72,Ploso,
228000000 ,2,44,52,Pakis,4.0
3450000000 ,4,200,320,I,
600000000 ,3,180,140,Malang,
950000000 ,4,175,175,Tanjungrejo,4.0
431000000 ,2,38,72,Lowokwaru,
1700000000 ,4,150,220,Lowokwaru,
425000000 ,2,54,72,Sukun,
1550000000 ,4,145,103,Lowokwaru,2.0
1750000000 ,3,89,105,Malang,
4900000000 ,5,200,300,Tidar,
1750000000 ,4,135,126,Tlogomas,5.0
1600000000 ,3,165,171,Lowokwaru,3.0
2600000000 ,6,350,233,Malang,
3500000000 ,10,350,111,Malang,2.0
1700000000 ,6,265,126,Malang,
750000000 ,2,60,182,Sukun,
3500000000 ,7,400,378,Blimbing,8.0
399000000 ,3,57,75,Kedungkandang,2.0
1250000000 ,10,120,106,Lowokwaru,9.0
2500000000 ,5,186,180,Malang,
3500000000 ,4,124,322,Malang,
1250000000 ,10,120,106,Lowokwaru,
1700000000 ,4,150,190,Malang,
2500000000 ,6,260,162,Malang,
1700000000 ,5,170,216,Malang,
750000000 ,3,100,140,Sukun,2.0
650000000 ,2,48,200,Cemorokandang,
2700000000 ,4,172,157,Malang,
1600000000 ,3,180,187,Araya,
7500000000 ,5,450,305,MALANG,
400000000 ,3,65,60,Pakis,
920000000 ,3,75,84,Lowokwaru,2.0
2500000000 ,6,288,177,Malang,
2200000000 ,5,200,315,Lowokwaru,
1650000000 ,3,80,172,Malang,
656000000 ,3,70,91,Dau,2.0
3600000000 ,5,300,262,Hatta,
2580000000 ,4,260,157,Malang,
385000000 ,2,45,70,Dau,
2400000000 ,2,245,139,Lowokwaru,3.0
2500000000 ,6,200,277,Hatta,
1100000000 ,2,100,120,Lowokwaru,1.0
3500000000 ,7,300,211,Malang,
525000000 ,2,45,92,Dau,3.0
1255000000 ,5,240,123,Lowokwaru,
2400000000 ,4,236,118,Malang,
759000000 ,2,99,88,Ploso,2.0
3200000000 ,7,446,250,Ploso,4.0
2700000000 ,3,259,123,Dieng,
468000000 ,2,45,70,Lowokwaru,
1900000000 ,6,250,365,Lowokwaru,
2250000000 ,6,200,212,Malang,
2500000000 ,3,179,160,Tidar,
450000000 ,2,80,65,Madyopuro,1.0
300000000 ,2,40,84,Kedungkandang,
3950000000 ,5,300,356,Sulfat,
2400000000 ,8,340,416,Blimbing,
10000000000 ,3,285,95,Malang,
700000000 ,3,70,71,Blimbing,
499000000 ,2,45,72,Lowokwaru,18.0
1500000000 ,4,90,121,Malang,
3900000000 ,4,250,300,Malang,
3500000000 ,5,400,300,Malang,
1650000000 ,3,51,126,Shanta,
520000000 ,2,60,105,Lowokwaru,
2750000000 ,3,240,244,Dieng,
2700000000 ,6,180,196,Malang,
1775000000 ,4,150,108,Mojolangu,
2300000000 ,3,100,126,Malang,
13000000000 ,4,700,1161,Malang,
3450000000 ,3,250,340,Araya,
514000000 ,3,54,72,Lowokwaru,
1250000000 ,4,150,153,Malang,
231000000 ,2,30,73,Tlogowaru,
2600000000 ,4,260,157,Blimbing,
700000000 ,2,60,135,Dau,
2500000000 ,3,226,165,Hatta,
595000000 ,2,150,84,Dau,2.0
950000000 ,2,57,95,Gedangan,
3550000000 ,4,200,253,Sukun,
250000000 ,2,30,73,Ploso,12.0
9000000000 ,6,350,360,Araya,
1700000000 ,5,370,370,Malang,
7500000000 ,5,600,539,Pakis,
850000000 ,2,70,90,Araya,
2500000000 ,4,200,316,Malang,
404000000 ,2,48,75,Lowokwaru,
2700000000 ,5,350,180,Lowokwaru,
3950000000 ,8,300,310,Malang,
1250000000 ,2,80,107,Malang,
1550000000 ,2,62,98,Malang,
360000000 ,2,45,85,Pakis,9.0
995000000 ,3,1000,98,Malang,
11500000000 ,4,1000,403,Malang,
11000000000 ,6,500,1000,Sukun,
1650000000 ,3,51,126,Shanta,
1800000000 ,4,150,160,Lowokwaru,
5000000000 ,4,280,266,Malang,
1650000000 ,5,171,197,Malang,
2300000000 ,4,240,218,Hatta,
750000000 ,3,100,107,Hatta,
2650000000 ,4,160,219,Dieng,
1100000000 ,3,60,60,Residence,
1675000000 ,6,270,135,Malang,
2550000000 ,6,245,380,Malang,1.0
1650000000 ,4,166,144,Malang,
1650000000 ,6,280,210,Malang,
3700000000 ,15,340,268,Lowokwaru,
1550000000 ,5,250,174,Blimbing,
2700000000 ,16,299,299,Malang,
3550000000 ,4,170,356,Blimbing,
2800000000 ,3,230,280,Balearjosari,4.0
499000000 ,2,50,60,Pandanwangi,5.0
2500000000 ,4,250,300,Lowokwaru,
950000000 ,3,70,91,Lowokwaru,
2500000000 ,5,300,239,Blimbing,
1750000000 ,4,350,180,Malang,
2700000000 ,6,250,300,Kedungkandang,
2500000000 ,7,170,170,Dieng,
1350000000 ,4,129,200,Blimbing,
1650000000 ,5,170,193,Hatta,
1150000000 ,8,120,106,Lowokwaru,11.0
2700000000 ,4,140,135,Blimbing,
2300000000 ,5,160,120,Tunggulwulung,
2500000000 ,4,174,140,Kedungkandang,
1150000000 ,8,120,77,Malang,11.0
2450000000 ,6,200,126,Malang,
1550000000 ,3,60,144,Dau,2.0
2695510000 ,3,160,179,Sukun,13.0
6250000000 ,25,550,333,Blimbing,10.0
499000000 ,3,65,60,Dau,
1695000000 ,4,170,240,Malang,
1700000000 ,5,300,260,Malang,
2450000000 ,4,240,126,Shanta,
3900000000 ,5,300,251,Lowokwaru,
2500000000 ,3,120,138,Malang,
7500000000 ,6,536,268,Malang,
750000000 ,3,80,105,Malang,
690000000 ,3,65,93,Blimbing,
800000000 ,2,316,316,Pakisaji,
575000000 ,3,140,86,Kedungkandang,
1500000000 ,6,280,314,Malang,
8000000000 ,6,500,388,Hatta,
7000000000 ,7,550,650,Malang,
3700000000 ,5,630,230,Araya,
1695000000 ,4,150,200,Araya,
8500000000 ,5,600,476,Baluran,6.0
2500000000 ,4,150,200,Malang,
2250000000 ,3,120,250,tidar,
185000000 ,2,36,72,Singosari,10.0
800000000 ,4,200,100,Malang,
2400000000 ,3,167,240,Dieng,
2450000000 ,3,300,200,Hatta,
450000000 ,2,40,75,Lowokwaru,2.0
1600000000 ,3,133,205,Malang,
8200000000 ,10,620,375,Malang,
277000765 ,2,30,65,Polowijen,
1650000000 ,4,254,247,Malang,
2250000000 ,5,220,181,Malang,
2674000000 ,3,172,200,Araya,
525000000 ,2,38,72,Lowokwaru,
1250000000 ,2,45,131,Malang,
450000000 ,2,50,60,Singosari,9.0
2500000000 ,26,354,354,Tegalgondo,
331000000 ,2,36,72,Lowokwaru,
2600000000 ,3,260,200,Blimbing,
3900000000 ,5,230,178,Jingga,
750000000 ,3,63,97,Blimbing,
1800000000 ,5,250,180,Lowokwaru,
1700000000 ,3,189,197,Blimbing,7.0
3500000000 ,6,275,240,Blimbing,
495000000 ,2,45,96,Singosari,
3300000000 ,5,600,300,Malang,10.0
1700000000 ,4,180,286,Lowokwaru,
1650000000 ,11,150,100,Lowokwaru,
550000000 ,3,80,65,Lowokwaru,
930000000 ,3,150,84,Lowokwaru,
2350000000 ,12,256,107,Blimbing,3.0
1500000000 ,3,100,165,Blimbing,
1300000000 ,3,140,172,Blimbing,
450000000 ,2,40,75,Lowokwaru,2.0
1785000000 ,5,240,291,Malang,
9000000000 ,9,620,375,Blimbing,20.0
899000000 ,3,150,80,Blimbing,
6000000000 ,5,211,342,Blimbing,1.0
800000000 ,3,50,93,Sulfat,
4000000000 ,6,250,553,Malang,
1700000000 ,3,160,160,Lowokwaru,
1650000000 ,3,95,177,Blimbing,
1200000000 ,5,130,90,Sukun,
1250000000 ,5,180,138,Malang,
1250000000 ,2,45,131,Malang,
325000000 ,2,80,80,Dau,3.0
680000000 ,2,42,105,Blimbing,
1750000000 ,4,124,180,Malang,
2500000000 ,5,360,314,Malang,
700000000 ,2,65,120,Lowokwaru,
1425000000 ,3,92,138,Malang,
6000000000 ,4,450,370,Blimbing,
1770000000 ,3,150,190,Sukun,
650000000 ,3,90,114,Malang,5.0
1300000000 ,4,175,84,Malang,
900000000 ,2,60,77,Malang,
1700000000 ,3,140,108,Hatta,
12000000000 ,5,600,1124,Kota,
2900000000 ,5,220,265,Sukun,
1500000000 ,3,120,132,Malang,
5750000000 ,6,660,460,Malang,
2500000000 ,12,254,107,Lowokwaru,
2450000000 ,3,225,154,Dieng,
1700000000 ,5,90,112,Lowokwaru,
1350000000 ,2,172,92,Sukun,3.0
2750000000 ,3,230,162,Malang,
6500000000 ,5,600,417,Malang,
8999999999 ,5,300,498,Blimbing,7.0
900000000 ,4,170,108,Malang,
1600000000 ,8,210,231,Malang,
2300000000 ,4,275,216,Polowijen,5.0
8900000000 ,8,700,400,Tidar,
650000000 ,2,141,86,Sulfat,
2000000000 ,5,180,197,Klojen,
2550000000 ,6,385,245,Lowokwaru,
5500000000 ,4,300,601,Pakis,
1900000000 ,3,150,189,Tidar,
2400000000 ,3,110,135,Jingga,
11500000000 ,5,600,861,Tidar,
530000000 ,2,40,73,Tunjungsekar,1.0
1250000000 ,3,96,150,Malang,
919000000 ,3,72,84,Jatimulyo,4.0
950000000 ,3,140,70,Klojen,
2250000000 ,3,100,144,Gunung-gunung,
2100000000 ,3,190,190,Dau,6.0
375000000 ,2,56,72,Mandiri,
1200000000 ,2,1,142,Buring,3.0
2650000000 ,4,250,221,Lowokwaru,
525000000 ,3,100,89,Blimbing,
460000000 ,3,54,78,Malang,
641000000 ,3,65,71,Blimbing,
800000000 ,3,72,82,Malang,
2300000000 ,3,150,174,Lowokwaru,
1700000000 ,5,210,120,Blimbing,
930000000 ,3,80,111,Hatta,
2500000000 ,6,198,234,Hatta,
3350000000 ,3,200,404,Dieng,
530000000 ,2,40,73,Tunjungsekar,2.0
625000000 ,3,69,60,Malang,
975000000 ,3,95,102,Sulfat,
1400000000 ,4,200,252,Lowokwaru,
3418000000 ,4,167,241,Dieng,
2700000000 ,2,150,344,Lowokwaru,
279000000 ,2,38,66,Cemorokandang,9.0
465000000 ,3,63,72,Lowokwaru,
8500000000 ,6,600,476,Malang,
265000000 ,2,36,60,Lowokwaru,2.0
3350000000 ,3,226,200,Hatta,
1500000000 ,3,180,152,Shanta,
499000000 ,2,38,63,Merjosari,
8000000000 ,4,400,450,Malang,
2400000000 ,3,170,201,Malang,
2200000000 ,3,88,105,Lowokwaru,
2750000000 ,4,200,360,Lowokwaru,
1250000000 ,5,210,175,Sukun,
850000000 ,2,79,134,Malang,
600000000 ,2,125,125,Malang,
3200000000 ,5,350,266,Lowokwaru,
850000000 ,5,100,164,Malang,
1200000000 ,2,80,117,Klojen,2.0
1250000000 ,3,60,137,Blimbing,
475000000 ,2,40,60,Blimbing,
850000000 ,3,65,108,Hatta,
2750000000 ,7,200,168,Lowokwaru,4.0
5600000000 ,4,330,330,Lowokwaru,8.0
1500000000 ,5,250,186,Sukun,
452000000 ,2,50,61,Singosari,7.0
4825000000 ,4,350,386,Lowokwaru,2.0
3500000000 ,5,200,244,Lowokwaru,
2750000000 ,3,220,320,Lowokwaru,
2500000000 ,4,275,216,Blimbing,
1600000000 ,3,193,193,Lowokwaru,
450000000 ,2,120,60,Lowokwaru,
1300000000 ,4,152,152,Malang,
1800000000 ,6,260,177,Sukun,
6500000000 ,8,500,600,Lowokwaru,
9000000000 ,5,302,595,Blimbing,7.0
3500000000 ,8,300,299,Lowokwaru,1.0
675000000 ,3,60,81,Malang,
950000000 ,3,70,80,Blimbing,3.0
594000000 ,42,69,69,Lowokwaru,
17000000000 ,20,600,553,Lowokwaru,8.0
585000000 ,2,50,84,Blimbing,
2250000000 ,3,155,240,Blimbing,
900000000 ,2,98,90,Araya,
1500000000 ,3,178,178,Lowokwaru,
2800000000 ,3,170,250,Blimbing,
1800000000 ,5,195,200,Klojen,1.0
2890000000 ,5,395,434,Araya,
700000000 ,10,120,60,Lowokwaru,
2700000000 ,4,134,120,Lowokwaru,
511000000 ,2,55,71,No.12,1.0
1450000000 ,5,140,125,Blimbing,
5400000000 ,9,400,237,Lowokwaru,4.0
635000000 ,2,45,98,Blimbing,5.0
550000000 ,3,85,85,Bandulan,1.0
7750000000 ,33,630,411,Hatta,
1600000000 ,5,250,171,Blimbing,
1350000000 ,4,200,200,Malang,
675000000 ,6,130,68,Lowokwaru,
1750000000 ,3,198,234,Lowokwaru,
975000000 ,3,76,97,Lowokwaru,7.0
2500000000 ,2,100,200,Tidar,
1400000000 ,3,110,125,Lowokwaru,
700000000 ,3,70,71,Blimbing,3.0
650000000 ,3,72,90,Sukun,6.0
675000000 ,3,110,84,Lawang,
1250000000 ,3,135,135,Lowokwaru,
11000000000 ,5,500,715,Sukun,8.0
6000000000 ,9,250,429,Dinoyo,
1500000000 ,3,100,375,Sukun,
1700000000 ,2,120,100,Dieng,
450000000 ,2,38,89,Malang,
2750000000 ,2,120,144,Gunung-gunung,
575000000 ,2,91,91,Gadang,2.0
850000000 ,2,45,84,Sukun,
3400000000 ,4,400,350,Lowokwaru,
650000000 ,3,196,196,Malang,
2550000000 ,5,250,240,Lowokwaru,5.0
325000000 ,2,36,60,Dau,
1700000000 ,3,200,100,Klojen,1.0
1800000000 ,4,180,110,Lowokwaru,3.0
650000000 ,3,96,96,Lowokwaru,
1300000000 ,5,120,152,Lowokwaru,
700000000 ,2,55,103,Tunggulwulung,5.0
687344000 ,2,36,91,Blimbing,
4300000000 ,5,375,312,Malang,
700000000 ,2,70,91,Blimbing,1.0
2300000000 ,14,480,248,Lowokwaru,
2600000000 ,3,180,200,Araya,
225000000 ,2,36,74,Karangploso,
453667500 ,2,55,55,Sukun,5.0
1550000000 ,4,145,180,Lowokwaru,
1700000000 ,3,145,126,Blimbing,
3500000000 ,22,350,160,Malang,
1400000000 ,3,86,86,Blimbing,4.0
1400000000 ,4,136,137,Malang,
277000011 ,2,30,64,Sukun,
1100000000 ,3,159,126,Lowokwaru,4.0
7500000000 ,6,700,600,Blimbing,
550000000 ,2,60,112,Blimbing,
975000000 ,3,130,140,Lowokwaru,
35000000000 ,4,1107,1107,Ijen,5.0
900000000 ,4,68,121,Lowokwaru,
465000000 ,2,57,55,Dau,2.0
2500000000 ,5,299,263,Lowokwaru,1.0
700000000 ,3,200,239,Ploso,1.0
875000000 ,3,72,81,Blimbing,
550000000 ,4,100,126,Tlogomas,2.0
1150000000 ,2,60,91,Pakis,4.0
1900000000 ,3,110,200,Dau,6.0
2250000000 ,3,400,200,Lowokwaru,
550000000 ,2,100,140,Blimbing,
1700000000 ,5,105,117,Lowokwaru,
16000000000 ,6,700,2050,Lowokwaru,
900000000 ,3,100,91,Kedungkandang,
585000000 ,2,70,78,Lowokwaru,1.0
299000000 ,2,36,72,Cemorokandang,18.0
2700000000 ,18,111,111,Blimbing,2.0
12000000000 ,6,500,500,Tidar,
335000000 ,2,31,60,Lowokwaru,5.0
599000000 ,3,65,72,Pakis,
650000000 ,2,40,72,Tunggulwulung,5.0
350000000 ,2,40,40,Arjosari,4.0
6000000000 ,6,250,481,Lowokwaru,
8700000000 ,6,500,388,Lowokwaru,
1500000000 ,5,225,250,Singosari,
1700000000 ,5,160,132,Blimbing,
2600000000 ,4,180,120,Araya,
499000000 ,3,60,72,Ploso,10.0
1470000000 ,3,170,198,Blimbing,10.0
900000000 ,3,90,117,Blimbing,
538000000 ,2,50,80,Tlogomas,10.0
4950000000 ,6,400,247,Gunung-gunung,
1000000000 ,2,100,140,Malang,
525000000 ,3,60,105,Lowokwaru,
295000000 ,2,40,69,Kedungkandang,3.0
9000000000 ,5,620,501,Dinoyo,
399000000 ,2,36,72,Madu,
1700000000 ,2,181,200,Dau,
2700000000 ,3,140,135,Lowokwaru,
1450000000 ,4,90,121,Lowokwaru,
1600000000 ,5,111,180,Sukun,3.0
700000000 ,3,200,110,Ploso,
8000000000 ,6,550,395,Lowokwaru,
1700000000 ,5,320,274,Blimbing,11.0
450000000 ,2,60,89,Lowokwaru,3.0
2800000000 ,5,290,200,Blimbing,6.0
670000000 ,2,55,60,Blimbing,2.0
13000000000 ,7,400,1090,Klojen,
1700000000 ,3,86,96,Malang,
465000000 ,2,56,72,Perak,
850000000 ,3,70,60,Lowokwaru,
1000000000 ,2,60,58,Blimbing,2.0
1400000000 ,3,70,126,Lowokwaru,
725000000 ,3,65,96,Lowokwaru,
2500000000 ,5,275,225,Malang,
1500000000 ,5,130,152,Sukun,
650000000 ,3,70,105,Lowokwaru,
3650000000 ,4,600,380,Malang,
671000000 ,3,57,66,Dau,
1700000000 ,2,80,112,Blimbing,
550000000 ,2,60,112,Blimbing,
3500000000 ,2,150,454,Lowokwaru,
4700000000 ,3,300,343,Sukun,
15000000000 ,11,340,420,Lowokwaru,
678000000 ,2,60,70,Sukun,
2700000000 ,9,220,234,Lowokwaru,
825000000 ,3,100,91,Klojen,
298000000 ,2,30,60,Sukun,
2500000000 ,3,170,225,Blimbing,
8000000000 ,7,200,594,Malang,
525000000 ,2,54,86,Blimbing,4.0
11000000000 ,6,600,975,Pisangcandi,8.0
667000000 ,3,90,90,Sukun,8.0
3600000000 ,18,380,200,Lowokwaru,
335800000 ,2,50,80,Dau,7.0
1250000000 ,3,71,101,Mojolangu,7.0
1500000000 ,3,180,210,Lowokwaru,7.0
399000000 ,65,60,60,Malang,
850000000 ,3,96,175,Malang,
700000000 ,3,80,97,Klojen,
680000000 ,2,46,81,Blimbing,2.0
685000000 ,3,100,89,Singosari,6.0
624666000 ,2,54,80,65152,4.0
2500000000 ,3,108,264,Sukun,
700000000 ,3,100,60,Lowokwaru,
6000000000 ,5,300,390,Lowokwaru,8.0
621000000 ,3,62,80,Dau,
1450000000 ,4,140,110,Blimbing,
4900000000 ,4,200,300,Sukun,
3500000000 ,3,300,351,Sukun,
2300000000 ,4,300,280,Blimbing,
675000000 ,3,75,84,Ploso,1.0
775000000 ,3,187,187,Malang,4.0
1650000000 ,3,150,160,Polowijen,3.0
300000000 ,2,60,60,Malang,
1250000000 ,3,82,135,Sukun,
250000000 ,2,30,72,Tajinan,
2800000000 ,4,290,200,Blimbing,6.0
800000000 ,3,70,105,Kedungkandang,2.0
1200000000 ,2,75,98,Sukun,
750000000 ,4,90,72,Kedungkandang,
600000000 ,4,232,232,Malang,
1750000000 ,5,150,98,Kedungkandang,2.0
600000000 ,2,90,84,Lowokwaru,
510000000 ,2,80,80,Malang,4.0
700000000 ,3,100,60,Lowokwaru,
5000000000 ,5,300,378,Malang,
2500000000 ,12,180,110,Lowokwaru,6.0
2411000000 ,3,144,187,Sukun,
1200000000 ,5,150,144,Sukun,
169000000 ,2,30,60,Bululawang,9.0
650000000 ,2,80,101,Malang,
4000000000 ,6,360,220,Lowokwaru,
595000000 ,2,150,84,Dau,2.0
3000000000 ,4,190,216,Sukun,1.0
1450000000 ,4,90,121,Lowokwaru,
1700000000 ,5,230,240,Sengkaling,
3000000000 ,7,600,320,Tunjungsekar,15.0
3800000000 ,6,350,328,Buah-Buahan,
6180000000 ,5,400,518,Blimbing,
5200000000 ,3,350,203,Klojen,
345000000 ,2,75,75,Malang,1.0
725000000 ,2,80,135,Blimbing,
2600000000 ,3,350,200,Pakis,
1400000000 ,5,170,240,Tidar,
635000000 ,2,55,83,Tunggulwulung,18.0
525000000 ,2,45,113,Sukun,
376600000 ,2,40,69,Ploso,9.0
1950000000 ,3,140,185,Sukun,4.0
565000000 ,3,100,84,Sawojajar,
1500000000 ,3,185,148,Sukun,
1250000000 ,11,180,126,Lowokwaru,
1540000000 ,3,90,100,Lowokwaru,
395000000 ,2,65,72,MALANG,
530000000 ,2,45,105,Malang,
641000000 ,3,65,71,Blimbing,
1800000000 ,5,286,264,Samaan,
700000000 ,3,54,90,Madu,5.0
450000000 ,2,50,77,Sawojajar,2.0
2300000000 ,4,250,155,Blimbing,
900000000 ,5,143,143,Blimbing,
615000000 ,2,60,102,Blimbing,
2500000000 ,4,320,180,Kedungkandang,
420000000 ,2,70,70,Purwantoro,
975000000 ,3,160,185,Pakis,2.0
365000000 ,2,60,84,Pakis,
1550000000 ,4,200,130,Lowokwaru,
1450000000 ,4,159,126,Malang,
1500000000 ,3,160,200,Dieng,
850000000 ,2,150,145,Blimbing,
950000000 ,2,90,120,Blimbing,
5950000000 ,5,500,360,Blimbing,6.0
900000000 ,5,143,143,Blimbing,
2150000000 ,3,100,225,Araya,
1100000000 ,3,120,90,Hatta,
1600000000 ,3,90,201,Dau,
1200000000 ,4,200,135,Malang,7.0
1750000000 ,4,145,288,Lowokwaru,
1400000000 ,3,144,119,Blimbing,
375000000 ,2,45,75,Malang,
2200000000 ,3,200,162,Lowokwaru,
750000000 ,2,112,112,Blimbing,
530000000 ,2,50,72,Lowokwaru,5.0
1100000000 ,4,91,180,Malang,7.0
1034000000 ,2,75,98,Blimbing,6.0
285000000 ,2,41,60,Pakis,
700000000 ,2,70,91,Karangbesuki,2.0
595000000 ,4,135,84,Dau,4.0
620000000 ,2,64,106,Sukun,
1400000000 ,3,144,119,Blimbing,
3350000000 ,25,432,263,Lowokwaru,
2700000000 ,5,300,216,Tidar,
519000000 ,2,45,72,Tunjungsekar,8.0
4000000000 ,3,300,240,Araya,
750000000 ,2,50,80,Lowokwaru,
515000000 ,2,36,83,Blimbing,
730000000 ,3,62,83,Lowokwaru,
1544000000 ,3,90,101,Lowokwaru,
240000000 ,1,27,74,Rampalcelaket,7.0
1700000000 ,4,170,200,Araya,
1200000000 ,2,48,85,Lowokwaru,
1000000000 ,5,100,164,Malang,
285000000 ,2,50,50,Malang,
830000000 ,3,86,96,Lowokwaru,
450000000 ,2,42,69,Merjosari,2.0
1100000000 ,3,150,91,Lowokwaru,
1100000000 ,6,154,140,Malang,
1200000000 ,3,165,240,Sukun,
4500000000 ,4,300,240,Blimbing,6.0
125000000 ,2,30,30,Wagir,
850000000 ,4,99,124,Klojen,
1200000000 ,8,200,93,Gondo,
975000000 ,3,70,108,Lowokwaru,
3600000000 ,4,200,540,Blimbing,
300000000 ,2,64,64,Malang,
400000000 ,2,46,60,Lowokwaru,
525000000 ,2,50,65,Blimbing,
300000000 ,2,40,84,Kedungkandang,
550000000 ,3,80,65,Lowokwaru,
9750000000 ,5,400,505,Lowokwaru,
1800000000 ,4,171,124,Sukun,1.0
465000000 ,3,63,72,Lowokwaru,
1050000000 ,4,220,85,MALANG,
750000000 ,9,240,120,Blimbing,
240000000 ,1,27,74,Pandanwangi,7.0
800000000 ,14,210,70,Lowokwaru,
1975000000 ,4,185,225,Lowokwaru,
699000000 ,3,105,105,Malang,2.0
468000000 ,2,45,70,Lowokwaru,
1300000000 ,3,105,108,Malang,4.0
1350000000 ,2,172,92,Sukun,3.0
650000000 ,3,145,120,Sawojajar,1.0
4000000000 ,4,400,450,Malang,
1450000000 ,4,150,160,Blimbing,5.0
2875000000 ,4,181,150,Lowokwaru,
540000000 ,2,40,63,Lowokwaru,
850000000 ,6,150,142,TlogomasMalang,2.0
485000000 ,2,45,72,Lowokwaru,
925000000 ,3,121,121,Malang,
1600000000 ,4,180,198,Blimbing,
475000000 ,2,40,60,Tombro,
1550000000 ,2,100,129,Penanggungan,
1700000000 ,4,170,200,Blimbing,4.0
400000000 ,3,45,80,Dinoyo,
600000000 ,2,81,81,Lowokwaru,2.0
1900000000 ,6,300,177,Klojen,3.0
600000000 ,3,75,85,Malang,1.0
1150000000 ,3,75,112,Dau,7.0
1350000000 ,5,210,175,Sukun,
420000000 ,2,52,76,Gura,
5600000000 ,5,330,330,Klojen,
2200000000 ,4,200,203,Dau,
995000000 ,4,140,72,Sukun,22.0
975000000 ,3,130,140,Lowokwaru,2.0
1500000000 ,8,200,123,Lowokwaru,6.0
975000000 ,2,85,108,Sawojajar,
600000000 ,3,120,60,Singosari,7.0
615000000 ,2,75,75,Blimbing,
790000000 ,3,120,89,Sukun,
1300000000 ,3,97,91,Blimbing,
135000000 ,2,27,60,Tumpang,3.0
4250000000 ,6,400,403,Sukun,
3000000000 ,5,275,333,Klojen,
525000000 ,3,70,100,Lowokwaru,
975000000 ,2,85,108,Sawojajar,
565000000 ,3,57,70,Lowokwaru,
1500000000 ,3,120,170,Araya,
325000000 ,2,40,60,Lesanpuro,
1900000000 ,5,150,180,Lowokwaru,
650000000 ,2,66,70,Dau,
1100000000 ,3,125,124,Malang,
267000000 ,2,32,60,Kedungkandang,
800000000 ,3,126,79,Blimbing,
575000000 ,2,70,102,Malang,
1000000000 ,3,90,153,Blimbing,
295000000 ,2,30,60,Kedungkandang,3.0
468000000 ,2,45,70,Lowokwaru,
850000000 ,3,150,105,Blimbing,4.0
1200000000 ,2,155,142,Blimbing,2.0
875000000 ,3,100,127,Lowokwaru,
1300000000 ,30,560,280,Malang,1.0
1450000000 ,3,90,126,Lowokwaru,
550000000 ,3,80,65,Lowokwaru,
900000000 ,2,42,72,Sukun,
1400000000 ,2,130,72,Kasri,5.0
4800000000 ,5,500,405,Blimbing,5.0
6500000000 ,4,350,518,Lowokwaru,
970000000 ,2,75,77,Blimbing,
308000000 ,2,30,63,Blimbing,
4500000000 ,7,300,450,Sukun,
2500000000 ,3,225,150,Dieng,
529000000 ,3,70,42,Lowokwaru,2.0
247000000 ,2,32,60,Kedungkandang,3.0
3250000000 ,8,400,262,Lowokwaru,8.0
850000000 ,2,85,93,Klojen,
369000000 ,2,50,60,Kedungkandang,
750000000 ,3,100,140,Sukun,
925000000 ,3,100,120,Malang,
3000000000 ,3,110,211,Malang,
2350000000 ,6,400,298,Lowokwaru,
775000000 ,3,90,188,Kedungkandang,6.0
700000000 ,3,70,71,Lowokwaru,1.0
730000000 ,2,60,102,Blimbing,
1850000000 ,4,105,105,Blimbing,6.0
600000000 ,3,75,99,Balearjosari,6.0
600000000 ,2,50,86,Malang,
2800000000 ,3,108,264,Klojen,
400000000 ,1,64,72,Kedungkandang,5.0
400000000 ,2,54,77,Dau,
426000000 ,2,42,66,Kedungkandang,1.0
4200000000 ,33,555,555,Rahayu,
425000000 ,3,46,60,Lowokwaru,
850000000 ,3,62,98,Malang,
7500000000 ,45,654,654,Lowokwaru,
589000000 ,3,54,72,Lowokwaru,
400000000 ,2,50,72,Lowokwaru,
825000000 ,4,150,91,Lowokwaru,
600000000 ,2,70,126,Besuki,
499000000 ,3,50,72,Lowokwaru,
535000000 ,2,45,79,Lowokwaru,2.0
1150000000 ,2,75,90,Sukun,
1800000000 ,3,200,225,Sukun,1.0
7500000000 ,5,430,796,Hatta,
1300000000 ,3,90,130,Tidar,
5000000000 ,4,167,673,Lowokwaru,
475000000 ,2,45,81,Malang,
600000000 ,3,75,99,Balearjosari,6.0
910000000 ,2,80,143,Sukun,
1150000000 ,4,91,91,Lowokwaru,
625000000 ,3,47,121,Lowokwaru,4.0
515000000 ,2,78,78,Lowokwaru,4.0
1400000000 ,3,110,129,Lowokwaru,5.0
950000000 ,4,130,84,Lowokwaru,
570000000 ,3,50,73,Lowokwaru,8.0
3200000000 ,3,170,407,Klojen,
840500000 ,3,88,88,Pakis,3.0
355000000 ,2,40,57,Madu,4.0
640000000 ,3,72,72,Malang,
2200000000 ,3,150,203,Klojen,
400000000 ,2,42,100,Kedungkandang,
1130000000 ,3,120,99,Lowokwaru,
350000000 ,2,38,60,Lowokwaru,
575000000 ,2,113,74,Singosari,
700000000 ,2,84,50,Dau,
335000000 ,2,36,72,Lowokwaru,
1700000000 ,3,130,120,Hills,
970000000 ,3,98,88,Lowokwaru,
850000000 ,3,75,143,Bandungrejosari,
950000000 ,4,200,206,Lowokwaru,
1500000000 ,3,275,157,Klojen,
550000000 ,1,70,79,Arok,7.0
1200000000 ,4,159,126,Lowokwaru,1.0
680000000 ,2,46,81,Blimbing,4.0
1500000000 ,5,350,240,Klojen,
3000000000 ,5,200,210,Lowokwaru,6.0
5750000000 ,5,300,441,Sukun,3.0
2600000000 ,4,185,200,Lowokwaru,
775000000 ,2,60,96,Pisangcandi,
160000000 ,2,30,60,Gondanglegi,
1600000000 ,26,288,98,Malang,
650000000 ,2,66,60,Sukun,
346697500 ,2,36,77,Dau,5.0
700000000 ,6,150,64,Lowokwaru,
375000000 ,2,50,70,Blimbing,
975000000 ,3,110,112,Blimbing,
1000000000 ,8,140,110,Lowokwaru,15.0
525000000 ,3,79,79,Malang,4.0
850000000 ,2,50,93,Lowokwaru,2.0
2200000000 ,4,180,120,Araya,
5000000000 ,4,650,375,Blimbing,16.0
4800000000 ,5,500,405,Purwantoro,
420000000 ,2,84,84,Dau,
1300000000 ,4,145,145,Tunjungsekar,
1350000000 ,4,175,150,Blimbing,
215000000 ,2,40,52,Sukun,
950000000 ,4,200,206,Lowokwaru,
850000000 ,3,75,143,Bandungrejosari,
565000000 ,3,57,70,Lowokwaru,
1300000000 ,3,90,109,Lowokwaru,
685000000 ,2,65,89,Tasikmadu,
1300000000 ,2,200,220,Rampalcelaket,2.0
2750000000 ,5,200,100,Araya,
1330000000 ,5,250,120,Hatta,
683000000 ,3,60,69,Lowokwaru,
875000000 ,2,116,116,Sukun,
1800000000 ,3,146,200,Blimbing,
250000000 ,2,30,90,Ploso,
1500000000 ,11,198,115,Lowokwaru,5.0
6000000000 ,4,450,370,Blimbing,
2000000000 ,3,180,240,Blimbing,
1700000000 ,2,86,228,Blimbing,
1500000000 ,3,170,103,Lowokwaru,1.0
975000000 ,3,110,112,Blimbing,
899000000 ,8,142,72,Lowokwaru,
494000000 ,2,36,97,Tidar,
475000000 ,2,54,105,Lowokwaru,3.0
925000000 ,2,75,149,Lowokwaru,6.0
450000000 ,2,45,72,Ploso,6.0
700000000 ,2,70,96,Lowokwaru,9.0
2600000000 ,4,260,157,Blimbing,
650000000 ,3,70,82,Lowokwaru,
680000000 ,2,46,81,Blimbing,2.0
580000000 ,3,120,120,Malang,
514000000 ,3,54,72,Lowokwaru,
1100000000 ,4,150,108,Dau,1.0
700000000 ,2,80,108,Sukun,
3250000000 ,5,300,357,Tidar,
540000000 ,2,60,72,Sulfat,
5000000000 ,3,400,312,Blimbing,
310000000 ,2,46,72,Lowokwaru,7.0
2000000000 ,6,300,200,Sukun,3.0
435000000 ,2,40,68,Dinoyo,
2300000000 ,4,110,216,Lowokwaru,
2700000000 ,4,204,240,Blimbing,
319000000 ,2,40,112,Kedungkandang,
2700000000 ,5,300,280,Blimbing,
341000000 ,2,45,76,Blimbing,
1250000000 ,5,210,175,Sukun,5.0
650000000 ,2,70,165,Dau,
2900000000 ,6,120,339,Lowokwaru,
1700000000 ,2,86,228,Blimbing,
900000000 ,3,95,86,Dinoyo,
1350000000 ,4,200,130,Blimbing,3.0
475000000 ,2,54,77,Dau,
975000000 ,4,80,83,Lowokwaru,
985000000 ,3,100,150,Malang,
5500000000 ,55,1000,454,Lowokwaru,1.0
1200000000 ,4,144,72,Lowokwaru,
850000000 ,4,72,135,Blimbing,
1100000000 ,3,140,83,Lowokwaru,
890000000 ,8,142,72,Lowokwaru,
5000000000 ,4,167,673,Dau,
1100000000 ,3,110,76,Lowokwaru,
750000000 ,1,90,112,Ploso,
12000000000 ,5,325,553,Klojen,
1800000000 ,4,145,135,Lowokwaru,
1600000000 ,3,160,234,Blimbing,
7000000000 ,8,400,556,JINGGA,
2900000000 ,6,120,339,Lowokwaru,3.0
475000000 ,2,70,70,Sukun,
3200000000 ,6,180,332,Lowokwaru,
330000000 ,2,45,75,Lowokwaru,3.0
450000000 ,2,50,60,Malang,11.0
490000000 ,3,54,98,Malang,
4900000000 ,7,310,324,Blimbing,
231000000 ,2,30,73,Lowokwaru,
471000000 ,2,36,69,Blimbing,
1400000000 ,3,90,72,Lowokwaru,
2500000000 ,3,300,277,Malang,
850000000 ,4,99,124,Suprapto,
1500000000 ,4,170,126,Hatta,
1000000000 ,4,100,169,Blimbing,
1144000000 ,3,105,112,Lowokwaru,3.0
2850000000 ,4,251,239,Blimbing,
1250000000 ,3,100,120,Blimbing,3.0
3300000000 ,4,300,506,Blimbing,
1450000000 ,6,280,275,Lowokwaru,
625000000 ,2,60,112,Sukun,
2900000000 ,4,200,210,Lowokwaru,
1275000000 ,2,100,105,Sukun,
2900000000 ,4,200,294,Sukun,
424000000 ,2,48,66,Lowokwaru,5.0
1540000000 ,3,90,100,Lowokwaru,
3300000000 ,8,260,407,Blimbing,
600000000 ,2,45,86,Lowokwaru,2.0
360000000 ,2,62,88,Sukun,4.0
730000000 ,2,45,98,Sukun,
1400000000 ,4,150,150,MALANG,
295000000 ,2,54,128,Ploso,
350000000 ,2,55,72,Malang,
1150000000 ,10,165,107,Lowokwaru,2.0
700000000 ,3,72,115,Lowokwaru,
850000000 ,2,45,123,Arumba,
17000000000 ,6,1000,900,Blimbing,7.0
1200000000 ,5,150,144,Sukun,1.0
330000000 ,2,42,42,Lowokwaru,2.0
1490000000 ,3,116,116,suhat,2.0
1950000000 ,4,240,160,Araya,
750000000 ,3,70,105,TONDANO,
275000000 ,2,36,60,Malang,
420000000 ,3,60,77,Wonokoyo,5.0
3300000000 ,3,250,300,Lowokwaru,5.0
899000000 ,8,142,72,Lowokwaru,
495000000 ,2,52,81,Sukun,4.0
600000000 ,2,45,88,Lowokwaru,
478000000 ,3,56,60,Dinoyo,2.0
775000000 ,3,124,124,Lowokwaru,
1450000000 ,4,120,147,Lowokwaru,
400000000 ,2,40,71,Lowokwaru,7.0
1695000000 ,3,170,240,Blimbing,
4000000000 ,10,1292,507,Blimbing,3.0
700000000 ,3,60,88,Lowokwaru,
243000000 ,2,32,54,Ploso,
850000000 ,4,180,106,Singosari,
280000000 ,2,60,84,Wagir,
3300000000 ,3,300,200,Lowokwaru,
410000000 ,2,65,85,Malang,3.0
3000000000 ,4,200,210,Lowokwaru,5.0
1400000000 ,3,75,150,Lowokwaru,8.0
1550000000 ,5,140,78,Malang,
615000000 ,3,80,65,Dau,
1300000000 ,7,250,108,Blimbing,4.0
4200000000 ,7,250,356,Blimbing,
760000000 ,2,47,113,Sukun,
1200000000 ,4,90,116,Araya,
850000000 ,2,66,90,Blimbing,4.0
11000000000 ,36,800,411,Lowokwaru,
1250000000 ,3,110,159,Lowokwaru,
1500000000 ,4,167,188,Sengkaling,
500000000 ,2,31,40,Madyopuro,1.0
1600000000 ,2,100,120,Klojen,5.0
1400000000 ,4,200,231,Dieng,
7500000000 ,3,350,404,Klojen,5.0
689000000 ,3,65,72,Lowokwaru,
950000000 ,3,130,100,Lowokwaru,
2700000000 ,12,450,300,Malang,
900000000 ,2,75,178,Malang,
2700000000 ,4,150,144,Lowokwaru,4.0
3500000000 ,4,375,250,Blimbing,
2000000000 ,6,200,300,Estate,
350000000 ,2,38,60,Lowokwaru,
1700000000 ,4,126,116,Hatta,
1500000000 ,3,70,170,Malang,6.0
850000000 ,2,90,120,Blimbing,3.0
365000000 ,2,36,60,Blimbing,
400000000 ,2,70,72,MALANG,
471000000 ,2,36,69,Lowokwaru,
1000000000 ,3,143,203,Blimbing,6.0
514000000 ,3,54,72,Dau,
2800000000 ,6,290,200,Blimbing,5.0
225000000 ,2,40,64,Gondanglegi,4.0
2750000000 ,4,250,200,Blimbing,
1300000000 ,7,250,108,Blimbing,4.0
351000000 ,2,33,60,Dau,
1900000000 ,5,300,105,Lowokwaru,
1800000000 ,12,186,93,Lowokwaru,3.0
735000000 ,3,45,120,Lowokwaru,
1900000000 ,4,100,352,Dau,
950000000 ,2,70,135,Blimbing,
3000000000 ,3,165,200,Sukun,
1900000000 ,2,55,105,Lowokwaru,5.0
594000000 ,3,70,76,Ploso,12.0
450000000 ,2,50,60,Lowokwaru,
350000000 ,2,36,60,Dau,2.0
6700000000 ,6,575,375,Polowijen,7.0
235000000 ,2,30,90,Ploso,15.0
1500000000 ,3,144,119,Blimbing,13.0
1800000000 ,6,100,150,Klojen,
3000000000 ,14,325,248,Lowokwaru,
1000000000 ,2,57,132,Blimbing,
899000000 ,5,62,103,Madu,1.0
2650000000 ,4,250,300,Blimbing,
825000000 ,4,120,140,Lowokwaru,5.0
950000000 ,4,160,122,BU,
850000000 ,2,90,120,Blimbing,3.0
2950000000 ,13,253,85,Lowokwaru,
350000000 ,2,36,60,Lowokwaru,
2100000000 ,7,180,283,Sengkaling,
12000000000 ,7,600,525,Lowokwaru,2.0
1000000000 ,3,143,203,Blimbing,6.0
4300000000 ,6,450,300,Sukun,
300000000 ,2,40,65,Kedungkandang,
210000000 ,2,30,60,Pakis,5.0
1700000000 ,3,170,170,Blimbing,
1700000000 ,3,136,136,Sukun,
790000000 ,1,100,68,Lowokwaru,
755000000 ,3,90,132,Ploso,1.0
2200000000 ,4,150,180,Mojolangu,3.0
1900000000 ,3,110,258,Lowokwaru,4.0
1200000000 ,5,225,250,Singosari,3.0
2600000000 ,5,250,240,Purwantoro,8.0
550000000 ,2,45,45,Gadang,5.0
,2,60,60,Kedungkandang,
500000000 ,2,100,81,Malang,
12000000000 ,7,700,525,Dowo,3.0
2500000000 ,3,150,150,Lowokwaru,
1280000000 ,3,210,140,Lowokwaru,6.0
120000000 ,2,36,60,Pakisaji,2.0
675000000 ,3,100,109,MALANG,
229000000 ,2,40,72,Ploso,
2500000000 ,4,145,165,Blimbing,8.0
750000000 ,3,100,140,Karangbesuki,4.0
8500000000 ,5,215,847,Lowokwaru,6.0
850000000 ,4,120,253,Malang,
289000000 ,2,36,103,Tumpang,3.0
925000000 ,3,130,97,Blimbing,
1750000000 ,3,101,198,Tidar,
1800000000 ,16,265,145,Blimbing,
450000000 ,3,50,60,Singosari,9.0
2925000000 ,2,120,172,Dieng,
938000000 ,3,115,108,II,7.0
900000000 ,4,68,121,Lowokwaru,
450000000 ,4,90,90,Malang,
875000000 ,4,100,107,Blimbing,
800000000 ,2,110,140,Sengkaling,
1350000000 ,4,200,200,Malang,1.0
5500000000 ,4,300,435,Lowokwaru,3.0
1500000000 ,4,180,139,Sukun,3.0
7000000000 ,3,400,450,Malang,
3210510000 ,3,172,200,Blimbing,
350000000 ,2,105,96,Malang,
300000000 ,2,40,84,Kedungkandang,
2595000000 ,3,182,180,Blimbing,
1000000000 ,3,100,119,Lowokwaru,
800000000 ,3,75,85,Klojen,
3000000000 ,4,190,249,TIDAR,
9000000000 ,8,825,600,Blimbing,
350000000 ,2,56,60,Wagir,5.0
699000000 ,2,50,84,Ploso,
2700000000 ,2,142,108,Lowokwaru,
5500000000 ,6,310,140,Klojen,4.0
1225000000 ,9,250,127,Sukun,
580000000 ,2,84,84,Malang,
1650000000 ,3,130,181,Klojen,
12500000000 ,7,550,525,Dowo,7.0
365000000 ,2,36,60,Lowokwaru,
900000000 ,2,54,131,43,
800000000 ,3,90,118,Malang,
450000000 ,2,47,93,Dau,
350000000 ,2,120,60,Ploso,
1800000000 ,3,180,264,Lowokwaru,
1500000000 ,11,198,115,Lowokwaru,5.0
1200000000 ,3,120,132,Malang,
8900000000 ,7,650,400,Dieng,
920000000 ,2,126,98,Lowokwaru,
950000000 ,2,70,135,Blimbing,4.0
250000000 ,2,30,90,Ploso,18.0
110000000 ,4,91,180,Malang,7.0
400000000 ,2,82,78,Lowokwaru,
6500000000 ,6,385,500,Lowokwaru,
1500000000 ,3,200,128,Blimbing,2.0
1250000000 ,9,165,92,Lowokwaru,
5500000000 ,4,350,450,Malang,
3950000000 ,7,300,310,Blimbing,
290000000 ,2,36,60,Singosari,6.0
2300000000 ,3,275,300,Polowijen,2.0
660000000 ,3,57,64,Dau,
850000000 ,2,65,88,Blimbing,
219000000 ,2,36,66,Ploso,
2250000000 ,4,160,180,GOLF,
1250000000 ,3,110,144,Dieng,
350000000 ,2,36,60,Malang,3.0
645000000 ,2,47,84,Blimbing,4.0
800000000 ,3,168,84,Tidar,
544000000 ,2,45,70,Lowokwaru,
900000000 ,2,54,131,43,
820000000 ,3,75,105,Malang,
3500000000 ,4,200,222,Blimbing,
1250000000 ,4,174,174,Lowokwaru,
229000000 ,2,40,72,Ploso,
1400000000 ,3,80,128,Dowo,3.0
875000000 ,3,99,75,Blimbing,5.0
1200000000 ,4,140,104,Blimbing,1.0
3500000000 ,4,200,150,Lowokwaru,
825000000 ,2,72,96,Malang,
1250000000 ,5,210,175,Malang,
980000000 ,2,60,100,Blimbing,
825000000 ,3,72,109,Blimbing,
950000000 ,3,130,100,Lowokwaru,
1550000000 ,5,105,117,Lowokwaru,
1700000000 ,9,202,180,Blimbing,
1700000000 ,3,110,88,Batu,
2200000000 ,4,200,315,Malang,4.0
386000000 ,2,42,72,Sukun,3.0
2750000000 ,4,200,250,Tidar,
1100000000 ,6,130,104,Kota,5.0
220000000 ,2,36,72,Ploso,22.0
530000000 ,2,38,69,Blimbing,2.0
1800000000 ,5,250,131,Blimbing,3.0
1100000000 ,4,129,180,Mas,
250000000 ,2,36,60,Sukun,
244000000 ,2,38,60,Pakis,
400000000 ,2,38,72,Lowokwaru,
800000000 ,3,168,84,Tidar,
700000000 ,8,68,84,Klojen,
2100000000 ,5,300,250,Araya,
820000000 ,3,75,105,Malang,
380000000 ,2,36,60,Singosari,
300000000 ,2,64,64,Ploso,
625000000 ,3,65,92,Kedungkandang,2.0
2450000000 ,4,200,202,Blimbing,
6800000000 ,20,558,274,Lowokwaru,
1300000000 ,3,180,200,Malang,2.0
677000000 ,2,36,84,Blimbing,8.0
2500000000 ,4,220,280,Blimbing,
700000000 ,3,100,107,Malang,4.0
2730000000 ,5,182,180,Blimbing,2.0
2750000000 ,4,200,250,Tidar,
464000000 ,3,75,90,Sukun,11.0
750000000 ,3,130,109,Malang,1.0
365000000 ,2,36,60,Lowokwaru,
701500000 ,2,75,75,Blimbing,4.0
1475000000 ,2,100,124,Sukun,
2000000000 ,3,300,200,Blimbing,5.0
244000000 ,2,38,60,Pakis,
1400000000 ,4,140,107,Dau,8.0
725000000 ,2,40,73,Pisangcandi,
1750000000 ,3,175,175,Blimbing,
395000000 ,2,40,60,Karangploso,
550000000 ,2,50,60,Malang,1.0
650000000 ,2,55,81,Malang,
1600000000 ,5,300,144,Blimbing,7.0
2600000000 ,6,300,400,Ploso,
386000000 ,2,42,72,Sukun,3.0
671500000 ,2,66,112,Kedungkandang,
450000000 ,2,82,82,Malang,
725000000 ,2,60,120,Lowokwaru,
6200000000 ,5,300,395,Malang,
325000000 ,2,36,60,Lowokwaru,
850000000 ,2,54,117,Lowokwaru,
3000000000 ,3,250,250,Blimbing,
875000000 ,2,60,88,Lowokwaru,4.0
515000000 ,2,36,83,Blimbing,
1750000000 ,7,250,108,Blimbing,
1350000000 ,4,150,160,Blimbing,
595000000 ,2,80,90,Dinoyo,8.0
252000000 ,2,30,60,Malang,11.0
400000000 ,2,38,72,Lowokwaru,
2500000000 ,5,400,285,Sukun,
2000000000 ,6,300,247,Blimbing,8.0
1030000000 ,3,90,94,Lowokwaru,4.0
5500000000 ,5,200,338,Lowokwaru,
1800000000 ,5,186,186,Kedungkandang,
1000000000 ,4,100,180,Karangploso,
275000000 ,2,84,84,Dau,
330187500 ,2,45,87,Wonokoyo,5.0
2900000000 ,5,260,192,Blimbing,
345000000 ,2,39,63,Sukun,7.0
525000000 ,3,66,72,Lowokwaru,
12500000000 ,8,1000,1003,Lowokwaru,6.0
314000000 ,2,30,60,Sukun,
450000000 ,2,42,60,Dinoyo,4.0
1233000000 ,3,82,105,Lowokwaru,3.0
355000000 ,3,52,70,Singosari,
2500000000 ,6,380,245,Blimbing,4.0
850000000 ,3,70,99,Atas,
450000000 ,2,55,60,Singosari,5.0
18500000000 ,7,1500,622,Dau,
625000000 ,4,120,90,Kedungkandang,3.0
360000000 ,2,40,86,Malang,11.0
770000000 ,45,112,112,Sukun,
304000000 ,2,33,64,Ploso,2.0
1100000000 ,3,120,90,Lowokwaru,
700000000 ,2,54,105,Sukun,
565000000 ,3,57,70,Dau,
270000000 ,2,25,65,Malang,11.0
2500000000 ,4,200,137,Lowokwaru,2.0
425000000 ,2,100,130,Malang,2.0
1500000000 ,4,190,230,buahan,
1500000000 ,4,120,126,Blimbing,3.0
325000000 ,2,36,60,Lowokwaru,
850000000 ,3,66,96,Malang,
425000000 ,3,129,90,Pakis,
3000000000 ,5,275,225,Blimbing,1.0
2500000000 ,2,240,204,Blimbing,
10000000000 ,4,425,579,Malang,
1600000000 ,5,198,234,Lowokwaru,1.0
575000000 ,2,70,114,Malang,
5800000000 ,6,300,435,Blimbing,
525000000 ,3,66,72,Lowokwaru,
1500000000 ,5,240,140,Sukun,
7000000000 ,6,500,388,Lowokwaru,
1233000000 ,3,82,105,Lowokwaru,3.0
3750000000 ,3,400,460,Klojen,
360000000 ,3,80,72,Pakisaji,2.0
3600000000 ,3,200,180,Lowokwaru,2.0
1400000000 ,4,150,106,Lowokwaru,
875000000 ,2,80,100,Lowokwaru,
1200000000 ,6,140,154,Bunulasri,
5500000000 ,24,603,737,Dau,
1499999999 ,5,210,200,Sukun,
2250000000 ,3,180,162,Malang,
1750000000 ,3,100,179,Bareng,
6300000000 ,10,450,531,Malang,
710000000 ,2,54,112,Sukun,
425000000 ,3,46,60,Lowokwaru,
1600000000 ,10,167,100,Lowokwaru,4.0
3250000000 ,4,300,200,Blimbing,
3200000000 ,5,225,340,Malang,
1000000000 ,2,80,107,Lowokwaru,5.0
599000000 ,3,54,70,Lowokwaru,
3200000000 ,2,300,300,Tidar,9.0
1200000000 ,5,107,107,Klojen,1.0
1350000000 ,5,125,104,Araya,
800000000 ,3,90,110,Sukun,
2850000000 ,4,251,239,Araya,
525000000 ,2,45,60,Malang,
1600000000 ,5,200,159,Lowokwaru,
468851000 ,2,56,70,65325,
600000000 ,2,60,122,Malang,
1900000000 ,3,119,144,Blimbing,8.0
2500000000 ,4,200,148,Buah-buahan,
882000000 ,3,80,85,Dau,
175000000 ,2,32,60,Karangploso,
850000000 ,4,99,124,Klojen,
710000000 ,2,54,112,Bandulan,2.0
5500000000 ,6,200,338,Lowokwaru,
560000000 ,2,42,90,Cemorokandang,1.0
975000000 ,4,80,83,Merjosari,
750000000 ,3,80,104,Merjosari,
299000000 ,36,60,60,Sukun,
1200000000 ,6,350,240,Malang,
2500000000 ,5,260,162,Blimbing,
3500000000 ,4,200,308,Lowokwaru,
300000000 ,2,45,59,Ploso,
2700000000 ,3,220,234,Lowokwaru,
1149999999 ,4,70,190,Pujon,12.0
1100000000 ,3,270,230,Blimbing,
4500000000 ,5,200,300,Sukun,
385000000 ,3,60,84,MALANG,
2250000000 ,4,185,200,Lowokwaru,
700000000 ,2,60,90,Sukun,
1180000000 ,4,114,97,Blimbing,2.0
431000000 ,2,38,72,Dau,
1500000000 ,3,150,217,Dau,
2800000000 ,3,300,910,Malang,
975000000 ,2,65,128,Singosari,
350000000 ,2,38,60,Lowokwaru,
3250000000 ,8,400,262,Malang,
550000000 ,3,90,119,Pakis,
1100000000 ,3,112,590,Pakis,
325000000 ,2,36,60,Lowokwaru,
1300000000 ,3,240,120,Malang,
150000000 ,2,32,60,Ploso,
400000000 ,2,40,96,Malang,
875000000 ,2,90,113,Lowokwaru,
685000000 ,2,65,89,Madu,
470000000 ,3,70,90,Malang,6.0
3200000000 ,5,160,200,Malang,9.0
3250000000 ,8,400,262,Malang,
1700000000 ,5,90,112,Lowokwaru,
675000000 ,3,75,84,Ploso,1.0
875000000 ,3,98,88,Lowokwaru,
925000000 ,3,121,121,Blimbing,
4500000000 ,3,159,318,Sukun,
8000000000 ,7,268,268,Lowokwaru,2.0
145000000 ,2,27,60,Tumpang,8.0
3200000000 ,3,200,261,Tidar,
850000000 ,5,103,62,Blimbing,7.0
5000000000 ,4,250,480,Buah-buahan,
850000000 ,2,70,105,Dau,
1990000000 ,4,185,200,Jingga,
1700000000 ,3,130,198,Klojen,
1750000000 ,1,175,200,Dau,
765000000 ,2,65,106,Dinoyo,2.0
800000000 ,6,290,88,Klojen,
900000000 ,2,112,112,Kedungkandang,
351000000 ,2,33,60,Dau,
1550000000 ,4,180,252,Lowokwaru,
295000000 ,2,42,70,Kedungkandang,
16000000000 ,6,600,799,Klojen,
545000000 ,2,69,79,Blimbing,1.0
1530000000 ,3,140,174,Pandanwangi,
550000000 ,3,70,90,Blimbing,3.0
1500000000 ,4,109,109,Malang,2.0
2700000000 ,20,300,150,Lowokwaru,
1000000000 ,3,350,500,Blimbing,
595000000 ,4,135,84,Dau,4.0
750000000 ,3,54,90,Blimbing,
2000000000 ,3,170,170,Blimbing,3.0
2500000000 ,2,98,119,Blimbing,
560000000 ,2,48,72,Malang,7.0
397000000 ,3,54,72,Kedungkandang,
2000000000 ,5,250,162,Lowokwaru,
1800000000 ,3,110,200,Dau,7.0
2400000000 ,3,250,151,Lowokwaru,
2500000000 ,4,220,280,Blimbing,
550000000 ,3,65,60,Dau,5.0
950000000 ,3,150,84,Shanta,
10000000000 ,7,540,520,Dowo,
1250000000 ,4,80,80,Lowokwaru,
1950000000 ,4,150,216,Blimbing,
341000000 ,2,45,76,Kepanjen,
2875000000 ,4,150,181,Lowokwaru,
950000000 ,3,115,115,Malang,1.0
449000000 ,3,65,78,Kedungkandang,
2550000000 ,3,250,300,Lowokwaru,
1300000000 ,3,70,105,Blimbing,
1600000000 ,5,180,102,Malang,
1050000000 ,7,180,180,Lowokwaru,
799000000 ,4,84,84,Malang,2.0
1048000000 ,3,82,60,Malang,
1800000000 ,4,160,216,Klojen,
1400000000 ,3,90,85,Lowokwaru,
282000000 ,2,30,60,Sukun,
1300000000 ,3,240,120,Blimbing,
1500000000 ,3,170,103,Lowokwaru,
384000000 ,3,60,70,Kedungkandang,
544000000 ,2,45,70,Lowokwaru,
2375000000 ,3,220,194,Hatta,
2600000000 ,3,90,123,Blimbing,2.0
399000000 ,2,45,60,Cemorokandang,
1400000000 ,3,200,176,Malang,
1700000000 ,4,220,176,Lowokwaru,
399000000 ,3,70,60,Karangploso,
950000000 ,3,110,87,Malang,
349000000 ,2,45,65,Ploso,5.0
980000000 ,3,50,131,Lowokwaru,
4100000000 ,4,260,136,Malang,
2200000000 ,2,150,200,Blimbing,
350000000 ,2,38,60,Lowokwaru,
499000000 ,3,65,66,Dau,
380000000 ,2,36,60,Lowokwaru,
450000000 ,2,45,77,Dau,1.0
1750000000 ,4,135,126,Lowokwaru,3.0
1540000000 ,3,90,100,Dau,
412000000 ,2,50,72,Dau,20.0
650000000 ,4,112,66,Kedungkandang,4.0
1750000000 ,3,100,179,Klojen,
1325000000 ,4,200,110,Bukirsari,
1350000000 ,4,140,160,Blimbing,
1000000000 ,4,119,119,Blimbing,
1250000000 ,4,196,120,Malang,
2500000000 ,5,300,161,Lowokwaru,
400000000 ,2,60,99,Malang,
375000000 ,2,84,84,Malang,
2300000000 ,7,300,235,Blimbing,
650000000 ,2,60,122,Sukun,
1550000000 ,5,170,98,Blimbing,5.0
1850000000 ,4,200,226,Lowokwaru,10.0
6200000000 ,32,900,400,Lowokwaru,
1100000000 ,4,200,125,Blimbing,
350000000 ,2,36,60,Dau,
4800000000 ,5,500,405,Blimbing,
750000000 ,2,80,98,Lowokwaru,
2250000000 ,5,350,190,Blimbing,
1400000000 ,4,135,169,Karangbesuki,5.0
336000000 ,2,45,91,Wonokoyo,3.0
3600000000 ,4,380,420,Lowokwaru,
7000000000 ,6,500,276,Klojen,
3490000000 ,8,220,375,Blimbing,
500000000 ,2,60,72,Malang,
7500000000 ,13,450,789,Bunulrejo,
2600000000 ,10,185,208,Blimbing,
269000000 ,2,36,66,Malang,2.0
575000000 ,2,50,60,Ploso,
279000000 ,2,38,66,Kedungkandang,
700000000 ,4,75,84,Kedungkandang,
2000000000 ,3,190,190,Klojen,
1750000000 ,3,100,179,Klojen,
15000000000 ,3,179,179,Blimbing,
2500000000 ,4,238,240,Tlogomas,
2300000000 ,5,270,160,Blimbing,
585000000 ,3,90,96,Kepanjen,
528840000 ,2,50,86,Singosari,5.0
1180000000 ,4,114,97,Blimbing,2.0
1500000000 ,4,165,108,Malang,
269000000 ,2,40,72,Ploso,
365000000 ,2,36,60,Blimbing,
1250000000 ,3,135,135,Lowokwaru,
4200000000 ,7,250,356,Blimbing,
875000000 ,5,90,180,Blimbing,2.0
365000000 ,2,36,60,Blimbing,
375000000 ,2,50,33,Klojen,
345000000 ,2,38,63,Sukun,
700000000 ,2,90,90,Ploso,
385000000 ,3,80,63,Malang,3.0
1350000000 ,4,140,145,Blimbing,
3800000000 ,5,250,248,Gunung-gunung,
640000000 ,3,70,86,Batu,3.0
1900000000 ,6,180,156,Klojen,
1400000000 ,4,150,156,Malang,
800000000 ,4,210,105,Sawojajar,
1700000000 ,3,150,247,Dau,2.0
1600000000 ,4,150,225,Klojen,
475000000 ,3,90,111,Blimbing,
1150000000 ,3,90,72,Malang,2.0
325000000 ,2,45,76,Kepanjen,
330000000 ,2,45,70,Malang,
650000000 ,2,90,105,Sukun,1.0
3700000000 ,5,500,350,Blimbing,
560000000 ,2,42,90,Kedungkandang,10.0
1800000000 ,5,195,200,Klojen,
2450000000 ,4,185,200,Jingga,
850000000 ,3,100,116,Karangbesuki,
2500000000 ,5,350,160,Malang,10.0
5500000000 ,6,340,620,Sukun,
6300000000 ,4,500,300,Dau,2.0
15000000000 ,8,1500,900,Blimbing,
2900000000 ,10,416,30,Blimbing,
4350000000 ,3,260,275,Klojen,
2400000000 ,4,280,245,Lowokwaru,
3000000000 ,4,300,312,Klojen,
2250000000 ,3,180,162,Lowokwaru,
5500000000 ,6,200,338,Lowokwaru,
400000000 ,2,40,72,Kedungkandang,4.0
2500000000 ,5,275,225,Blimbing,
2700000000 ,5,360,240,Blimbing,6.0
3300000000 ,7,250,329,Malang,
2950000000 ,3,200,282,Klojen,
3250000000 ,5,300,260,Malang,2.0
3000000000 ,5,200,466,Blimbing,4.0
400000000 ,3,50,72,Lowokwaru,
165000000 ,1,25,60,Wagir,1.0
1600000000 ,4,150,120,Tunggulwulung,
825000000 ,2,39,105,Kedungkandang,
9750000000 ,6,600,540,Blimbing,
2000000000 ,4,200,240,Blimbing,
600000000 ,2,231,231,Pujon,12.0
245000000 ,2,30,60,Pakis,
950000000 ,4,120,84,Lowokwaru,
400000000 ,3,50,72,Lowokwaru,
270000000 ,1,21,127,Madyopuro,7.0
495000000 ,2,52,81,Sukun,3.0
2500000000 ,6,380,245,Blimbing,4.0
1900000000 ,7,328,164,Malang,
4250000000 ,6,640,403,Klojen,4.0
390000000 ,3,57,75,Kedungkandang,3.0
3300000000 ,3,150,332,Blimbing,
685000000 ,3,60,90,Dau,
825000000 ,4,120,80,Blimbing,3.0
3250000000 ,6,400,303,Sukun,13.0
3800000000 ,6,650,300,Blimbing,
2950000000 ,5,250,200,Blimbing,
2500000000 ,12,180,110,Lowokwaru,1.0
1500000000 ,3,100,128,Tidar,5.0
7100000000 ,48,960,240,Lowokwaru,2.0
360000000 ,2,50,107,Blimbing,
1500000000 ,11,198,115,Lowokwaru,3.0
2200000000 ,5,135,170,Sukun,1.0
725000000 ,3,160,121,Dau,
5000000000 ,6,220,2000,Dau,
990000000 ,4,190,230,Blimbing,
1100000000 ,4,160,162,Klojen,
7000000000 ,4,350,400,Dieng,
315000000 ,2,36,66,Karangploso,
725000000 ,2,45,120,Lowokwaru,
1200000000 ,3,100,85,Tidar,
1300000000 ,3,180,200,Blimbing,11.0
650000000 ,2,65,89,Tunggulwulung,18.0
500000000 ,2,60,72,Sukun,
799000000 ,2,47,90,Dau,11.0
370000000 ,2,48,72,Dau,
399500000 ,2,60,60,Cemorokandang,5.0
2000000000 ,3,250,550,Lowokwaru,
475000000 ,3,60,50,Madu,2.0
300000000 ,3,80,72,Pakisaji,
1500000000 ,3,230,190,Buah-buahan,
1500000000 ,11,198,115,Lowokwaru,3.0
1100000000 ,3,150,223,Klojen,
550000000 ,2,60,76,Sulfat,
325000000 ,2,36,60,Lowokwaru,
450000000 ,2,36,73,Blimbing,3.0
3500000000 ,4,375,250,Blimbing,
825000000 ,4,120,80,Blimbing,4.0
279000000 ,2,36,66,Malang,5.0
240000000 ,2,32,72,Kedungkandang,5.0
1200000000 ,7,135,135,Dau,
400000000 ,2,54,77,Dau,
1100000000 ,3,200,240,Sukun,4.0
199000000 ,1,21,66,Ploso,7.0
3000000000 ,5,200,210,Lowokwaru,3.0
180000000 ,2,40,60,Kedungkandang,
1300000000 ,3,180,200,Lowokwaru,
525000000 ,2,84,84,Malang,
428250000 ,2,40,60,Timika,5.0
878000000 ,3,80,136,Tlogomas,1.0
850000000 ,3,84,84,Ploso,
9000000000 ,67,1200,525,Lowokwaru,
1800000000 ,4,200,126,Sukun,
650000000 ,2,67,98,Ploso,2.0
6000000000 ,5,300,425,Kota,
200000000 ,2,30,60,Karangploso,
701500555 ,2,75,75,Lowokwaru,
700000000 ,2,70,91,Karangbesuki,2.0
1200000000 ,3,50,131,Lowokwaru,
3200000000 ,5,300,195,Blimbing,1.0
2400000000 ,4,150,293,Kedungkandang,
750000000 ,3,130,109,Lowokwaru,5.0
400000000 ,3,55,60,Sukun,
1250000000 ,3,140,141,Purwantoro,3.0
5500000000 ,4,300,435,Lowokwaru,
387400000 ,2,36,72,Merjosari,7.0
350000000 ,2,39,71,Kedungkandang,9.0
850000000 ,2,90,100,Lowokwaru,
471000000 ,2,36,69,Blimbing,
1800000000 ,5,180,153,Lowokwaru,
1250000000 ,3,222,147,Lowokwaru,
700000000 ,2,45,127,SUKUN,
3000000000 ,3,150,200,Jingga,
352000000 ,2,22,72,Cemorokandang,
380000000 ,3,50,72,Singosari,
700000000 ,2,65,81,Dau,
441000000 ,2,44,66,Merjosari,5.0
620000000 ,2,60,77,Lowokwaru,
1500000000 ,11,198,115,Lowokwaru,5.0
780000000 ,2,65,85,Tulusrejo,8.0
229000000 ,2,40,72,Ploso,
359022222 ,3,65,90,Ploso,22.0
900000000 ,9,254,127,Kaliurang,
1850000000 ,3,110,135,Lowokwaru,
365000000 ,2,84,84,Sukun,
1350000000 ,4,140,145,Blimbing,
2800000000 ,5,290,200,Blimbing,
1400000000 ,5,289,303,MALANG,
600000000 ,2,65,71,Blimbing,
740000000 ,2,85,96,Malang,
975000000 ,2,205,117,Sukun,1.0
1675000000 ,3,171,171,Malang,
1850000000 ,6,193,173,Lowokwaru,2.0
390000000 ,2,36,60,Dau,1.0
600000000 ,5,131,90,Ploso,1.0
700000000 ,2,45,127,SUKUN,
900000000 ,3,100,135,Malang,
600000000 ,2,60,96,Lowokwaru,
800000000 ,2,60,75,Malang,
1191000000 ,2,60,110,Sukun,
1500000000 ,3,100,123,malang,4.0
1550000000 ,3,85,150,Malang,
2600000000 ,5,200,280,Blimbing,
380000000 ,3,50,72,Singosari,
700000000 ,2,65,81,Dau,
441000000 ,2,44,66,Merjosari,5.0
1650000000 ,2,55,155,Lowokwaru,
1300000000 ,3,180,108,Sengkaling,
1100000000 ,3,120,60,Hatta,
600000000 ,2,70,92,Sukun,
800000000 ,3,105,105,Malang,
1750000000 ,3,130,200,Sukun,
850000000 ,3,160,107,Malang,
825000000 ,4,120,80,Blimbing,4.0
431000000 ,2,38,72,Merjosari,
534000000 ,2,54,72,Timur,4.0
2800000000 ,5,290,200,Blimbing,
850000000 ,3,160,84,Limboto,
300000000 ,2,40,65,Kedungkandang,
750000000 ,3,65,176,65152,1.0
265000000 ,2,36,60,Ploso,4.0
945000000 ,3,75,90,Kedungkandang,
1600000000 ,3,140,170,Blimbing,
1600000000 ,3,120,120,Blimbing,2.0
2700000000 ,5,300,280,Blimbing,
1950000000 ,8,300,174,Waringin,
1700000000 ,4,75,286,Lowokwaru,3.0
1000000000 ,3,205,205,Malang,
700000000 ,2,54,84,Malang,
525000000 ,3,65,67,Dau,2.0
1191000000 ,2,60,110,Sukun,
365000000 ,2,36,60,Lowokwaru,
219000000 ,2,36,66,Ploso,
1750000000 ,3,130,200,Sukun,
706000000 ,2,54,112,Kedungkandang,
12000000000 ,7,600,525,Lowokwaru,
1700000000 ,5,154,132,Lowokwaru,
200000000 ,2,38,66,Kedungkandang,
700000000 ,2,112,112,Atletik,
3100000000 ,4,165,144,Lowokwaru,1.0
295000000 ,2,40,70,Kedungkandang,8.0
2100000000 ,3,150,171,Lowokwaru,
1300000000 ,7,180,87,Lowokwaru,
3400000000 ,2,150,200,Malang,
975000000 ,9,200,128,Sukun,
1400000000 ,3,90,72,Lowokwaru,
400000000 ,2,50,72,Lowokwaru,
400000000 ,2,46,60,Lowokwaru,
650000000 ,3,54,61,Blimbing,
1130000000 ,3,150,208,Lowokwaru,
1800000000 ,6,250,105,Lowokwaru,
351000000 ,2,33,60,Dau,18.0
950000000 ,4,120,159,MALANG,
1000000000 ,9,240,120,Dau,5.0
1500000000 ,3,170,103,Malang,
613000000 ,42,69,69,Lowokwaru,
833750500 ,2,75,98,Ploso,2.0
2700000000 ,5,300,280,Blimbing,
4800000000 ,5,500,405,Blimbing,
365000000 ,2,36,60,Lowokwaru,
497000000 ,2,36,6,Lowokwaru,
1450000000 ,2,70,199,Dau,
3500000000 ,11,300,250,Klojen,
3300000000 ,6,250,262,Blimbing,2.0
219000000 ,2,36,66,Ploso,
950000000 ,4,112,87,MALANG,
800000000 ,3,100,77,Lowokwaru,
557000000 ,3,57,72,Lowokwaru,
200000000 ,2,38,66,Kedungkandang,
1300000000 ,3,85,126,Lowokwaru,2.0
2200000000 ,2,262,348,Sukun,
560000000 ,2,48,71,Malang,5.0
1000000000 ,2,75,84,Lowokwaru,8.0
360950000 ,2,36,72,Dau,
900000000 ,3,90,117,Blimbing,
700000000 ,1,70,109,Malang,5.0
400000000 ,2,50,72,Lowokwaru,
3200000000 ,3,150,403,Lowokwaru,4.0
650000000 ,3,112,112,Ploso,
298000000 ,2,30,60,Sukun,
675000000 ,2,45,112,Lowokwaru,
2500000000 ,3,400,268,Malang,
620000008 ,2,45,100,Lowokwaru,
2600000000 ,4,200,266,Malang,
500000000 ,2,80,92,Singosari,6.0
5000000000 ,8,250,449,Mojolangu,3.0
1850000000 ,3,294,294,Lowokwaru,
613000000 ,42,69,69,Lowokwaru,
6200000000 ,5,300,395,Malang,2.0
900000000 ,3,97,115,Blimbing,
3000000000 ,3,242,453,Araya,5.0
1250000000 ,7,185,150,Blimbing,5.0
471000000 ,2,36,69,Blimbing,
254000000 ,2,36,79,Kepanjen,
2500000000 ,5,300,165,Lowokwaru,7.0
8500000000 ,4,600,842,Blimbing,
13500000000 ,5,250,221,Malang,1.0
325000000 ,2,36,60,Lowokwaru,
3500000000 ,6,400,388,Blimbing,
950000000 ,8,255,152,Malang,
1000000000 ,3,148,148,Malang,
290000000 ,2,36,60,Singosari,9.0
284000000 ,2,38,60,Malang,11.0
675000000 ,3,70,103,Blimbing,
600000000 ,2,50,72,Klojen,
700000000 ,1,70,109,Malang,5.0
2500000000 ,25,450,244,Lowokwaru,
6000000000 ,10,600,706,Sukun,1.0
700000000 ,2,80,108,Sukun,
900000000 ,4,200,288,Malang,
850000000 ,3,140,110,Blimbing,7.0
850000000 ,3,78,78,Ploso,
395000000 ,3,40,60,Malang,
225000000 ,2,36,60,Singosari,
3200000000 ,6,250,381,Sukun,
975000000 ,3,110,130,Lowokwaru,
2850000000 ,5,251,239,Blimbing,
7000000000 ,5,462,831,Blimbing,
349000000 ,2,50,60,Kedungkandang,
350000000 ,2,60,60,Kedungkandang,
2800000000 ,4,290,200,Blimbing,4.0
850000000 ,2,90,136,Lowokwaru,
530000000 ,2,38,69,Blimbing,2.0
1700000000 ,4,180,200,Dau,
350000000 ,2,36,57,Malang,1.0
975000000 ,3,100,110,Mojolangu,10.0
425000000 ,2,100,103,Kedungkandang,
1200000000 ,3,100,122,Lowokwaru,
3250000000 ,5,300,357,Tidar,
9000000000 ,9,620,375,Blimbing,
1250000000 ,3,110,159,Lowokwaru,
384000000 ,3,60,70,Kedungkandang,
215000000 ,2,40,60,Sukun,
3850000000 ,4,300,300,DIeng,
2500000000 ,6,380,245,Blimbing,4.0
7000000000 ,4,601,401,Lowokwaru,
260000000 ,2,36,60,Malang,
350000000 ,2,38,60,Blimbing,
1300000000 ,7,150,147,Bandulan,
415000000 ,3,42,65,Lowokwaru,
3500000000 ,21,360,160,Lowokwaru,
4000000000 ,3,375,250,Blimbing,11.0
5000000000 ,3,410,270,Lowokwaru,
1988000000 ,5,160,200,Blimbing,7.0
3200000000 ,4,170,356,Blimbing,5.0
580000000 ,2,60,60,Ploso,3.0
9500000000 ,5,300,1550,Batu,
5500000000 ,5,340,620,Pisangcandi,3.0
900000000 ,3,166,83,Blimbing,2.0
880000000 ,3,90,102,Sukun,
10000000000 ,4,372,480,Blimbing,5.0
1130000000 ,3,120,99,Klojen,7.0
900000000 ,4,95,94,Blimbing,8.0
6000000000 ,6,250,657,Lowokwaru,10.0
975000000 ,2,55,91,Lowokwaru,
3250000000 ,6,400,303,Malang,
3465000000 ,5,200,302,Klojen,
5500000000 ,5,500,375,Blimbing,
450000000 ,2,50,60,Tanjungrejo,3.0
238000000 ,2,30,30,Singosari,
600000000 ,2,45,86,Lowokwaru,3.0
750000000 ,3,90,59,Klojen,
400000000 ,2,50,72,Lowokwaru,
710000000 ,2,50,100,Lowokwaru,
12000000000 ,5,325,553,Klojen,
600000000 ,3,50,72,Lowokwaru,
900000000 ,3,115,107,Blimbing,
2200000000 ,4,134,120,Lowokwaru,
415000000 ,3,42,65,Lowokwaru,
545000000 ,2,75,75,Blimbing,
890000000 ,8,142,72,Lowokwaru,
591000000 ,2,45,83,Tunggulwulung,
1600000000 ,5,250,250,Malang,
600000000 ,2,50,134,Lowokwaru,
2600000000 ,4,200,200,Blimbing,
2600000000 ,4,200,315,Blimbing,
709000000 ,3,80,75,Ploso,5.0
470000000 ,3,90,90,Malang,
325000000 ,2,46,60,Dau,
5300000000 ,5,300,338,Lowokwaru,
750000000 ,3,70,60,Blimbing,
680000000 ,5,72,80,Dau,
300000000 ,2,40,84,Kedungkandang,
5500000000 ,3,100,289,Lowokwaru,6.0
10000000000 ,4,372,480,Blimbing,5.0
2100000000 ,3,100,225,Malang,
950000000 ,5,156,105,Kedungkandang,
3512000000 ,4,255,210,Dau,
575000000 ,2,58,72,Blimbing,
325000000 ,2,40,60,Kedungkandang,7.0
2950000000 ,5,400,255,Lowokwaru,
1530000000 ,4,200,177,Lowokwaru,5.0
600000000 ,2,50,130,Lowokwaru,
1100000000 ,3,100,135,Klojen,2.0
2400000000 ,5,270,160,Blimbing,
3000000000 ,14,480,248,Lowokwaru,
980000000 ,2,110,134,Lowokwaru,
2000000000 ,3,125,160,Blimbing,5.0
1200000000 ,3,75,149,Lowokwaru,
3500000000 ,22,350,160,Lowokwaru,3.0
365000000 ,2,36,60,Dau,
563000000 ,2,54,86,Lowokwaru,
201000000 ,2,60,30,Wagir,2.0
499000000 ,3,80,98,Malang,4.0
709000000 ,3,80,75,Ploso,5.0
315000000 ,2,22,72,Pakis,
400000000 ,3,65,60,Blimbing,
825000000 ,2,70,133,Sukun,4.0
825000000 ,3,124,124,Blimbing,
1500000000 ,4,120,126,Blimbing,6.0
675000000 ,3,90,90,MALANG,
17500000000 ,4,1050,760,Blimbing,5.0
3200000000 ,6,400,342,Blimbing,
300000000 ,2,40,84,Kedungkandang,
310000000 ,2,60,84,Pakisaji,1.0
2100000000 ,3,100,225,Malang,
5000000000 ,7,200,315,Malang,
800000000 ,3,133,133,Lowokwaru,
980000000 ,3,200,270,Dau,
1100000000 ,3,250,190,Blimbing,2.0
275000000 ,2,42,90,Pakisaji,
226000000 ,1,21,98,Sumbersari,7.0
350000000 ,2,45,77,Pakis,4.0
950000000 ,3,80,103,BATU,
335000000 ,2,52,84,Wonokoyo,
492000000 ,3,56,60,Malang,3.0
4250000000 ,5,800,509,Klojen,
6500000000 ,5,350,264,Malang,
3300000000 ,3,250,300,Blimbing,
255000000 ,2,40,63,Karangploso,
1400000000 ,3,162,162,Hatta,
320000000 ,2,40,80,Dau,
10500000000 ,15,720,722,Kota,
499000000 ,2,78,98,Sukun,
1200000000 ,2,70,120,Klojen,
300000000 ,2,36,72,Ploso,6.0
850000000 ,2,80,100,Blimbing,
3300000000 ,6,350,401,Tidar,
765000000 ,2,80,100,Blimbing,
180000000 ,2,40,60,Kedungkandang,
1300000000 ,3,100,120,Blimbing,4.0
330400000 ,2,50,77,Kedungkandang,6.0
850000000 ,3,150,84,Lowokwaru,
675000000 ,3,70,103,Balearjosari,2.0
5750000000 ,4,500,491,Blimbing,
314000000 ,2,30,60,Sukun,
975000000 ,3,100,109,Lowokwaru,
450000000 ,2,50,60,Tunjungsekar,
600000000 ,2,50,72,Lowokwaru,
2975000000 ,3,300,250,Blimbing,
3500000000 ,4,254,280,Dau,2.0
850000000 ,3,100,120,Blimbing,
3000000000 ,4,192,192,Lowokwaru,4.0
3000000000 ,3,70,211,Lowokwaru,
650000000 ,3,55,72,Lowokwaru,
980000000 ,3,200,270,Dau,5.0
1350000000 ,3,227,127,Sukun,2.0
5500000000 ,6,500,375,Blimbing,
2500000000 ,4,260,157,Lowokwaru,
399000000 ,3,39,60,Madu,
3400000000 ,2,150,157,Klojen,11.0
1550000000 ,3,161,161,Klojen,
1000000000 ,3,148,148,Dau,
500000000 ,2,60,72,Sukun,
180000000 ,2,40,60,Kedungkandang,
950000000 ,2,55,105,Tidar,
2400000000 ,15,245,139,Lowokwaru,2.0
800000000 ,4,130,63,Sengkaling,
725000000 ,3,70,72,Blimbing,
10000000000 ,5,500,399,Gunung-gunung,
640000000 ,3,72,72,Malang,
2500000000 ,7,350,214,PBI,
515000000 ,3,70,42,Blimbing,
5000000000 ,3,410,270,Lowokwaru,1.0
675000000 ,3,70,103,Balearjosari,2.0
244000000 ,2,38,60,Pakis,
940000000 ,3,200,100,Blimbing,
2500000000 ,5,378,189,Mojolangu,5.0
370000000 ,3,60,85,Kepanjen,
1200000000 ,4,110,144,Klojen,
300000000 ,2,50,75,Malang,
7000000000 ,5,750,546,Blimbing,
1200000000 ,4,150,170,Blimbing,2.0
980000000 ,3,200,270,Dau,5.0
1000000000 ,2,180,126,Blimbing,
900000000 ,2,71,98,Karangbesuki,
455000000 ,3,48,70,Lowokwaru,
6800000000 ,4,510,430,Klojen,
217000000 ,2,32,60,Kedungkandang,8.0
525000000 ,2,65,83,Tlogomas,4.0
800000000 ,6,290,88,Klojen,
174000000 ,2,28,60,Kepanjen,6.0
7000000000 ,11,550,359,Blimbing,
199000000 ,2,21,66,Karangploso,
400000000 ,2,42,69,Merjosari,
1400000000 ,4,129,200,Blimbing,2.0
650000000 ,3,96,96,Lowokwaru,
150000000 ,2,32,60,Karangploso,
300000000 ,2,40,72,Kedungkandang,9.0
515000000 ,3,70,42,Blimbing,
565000000 ,2,48,84,Dau,1.0
275000000 ,2,40,60,Karanglo,
10000000000 ,5,350,540,Malang,
264999999 ,2,39,42,Pakis,5.0
900000000 ,3,105,113,Dinoyo,4.0
473000000 ,2,40,67,Sukun,
1800000000 ,3,400,300,Pakis,
1200000000 ,4,110,144,Klojen,
3300000000 ,5,500,675,Lowokwaru,
5500000000 ,4,280,295,Lowokwaru,3.0
421000000 ,2,38,60,Dau,
355000000 ,3,52,70,Singosari,
3200000000 ,3,150,200,Sukun,
249000000 ,2,25,60,Arjowinangun,4.0
1000000000 ,2,180,126,Blimbing,
2750000000 ,5,400,286,Blimbing,
1025000000 ,2,90,90,Malang,2.0
900000000 ,2,71,98,Sukun,
1000000000 ,7,180,202,Lowokwaru,
400000000 ,2,40,70,Dinoyo,1.0
1750000000 ,5,240,123,Lowokwaru,
1700000000 ,6,193,173,Lowokwaru,
1895000000 ,4,155,120,Lowokwaru,
850000000 ,2,50,93,Lowokwaru,
1500000000 ,3,152,152,Malang,
1150000000 ,3,125,102,Blimbing,
650000000 ,2,70,95,Malang,
1350000000 ,3,121,135,Malang,
1500000000 ,2,120,168,Lowokwaru,
155000000 ,1,21,50,Singosari,6.0
600000000 ,2,70,92,Ploso,2.0
350000000 ,2,55,84,Malang,
1250000000 ,3,120,120,Lowokwaru,
1500000000 ,5,130,130,Malang,6.0
3400000000 ,5,328,300,Blimbing,
1890000000 ,5,152,180,Blimbing,12.0
1100000000 ,4,120,135,Blimbing,4.0
700000000 ,2,45,80,Malang,
701500000 ,2,75,98,Sawojajar,4.0
1700000000 ,4,140,130,Shanta,
3700000000 ,3,225,225,Malang,
650000000 ,3,370,407,Tlogowaru,3.0
3025000000 ,4,200,325,Sukun,
2000000000 ,5,200,260,Dau,
1750000000 ,4,275,135,Blimbing,
1300000000 ,9,300,240,Malang,
1300000000 ,7,250,108,Blimbing,
1250000000 ,3,100,136,Dau,1.0
840000000 ,2,115,71,Lowokwaru,
900000000 ,3,90,117,Blimbing,
790000000 ,3,180,89,Sukun,
1530000000 ,4,200,177,Lowokwaru,5.0
13500000000 ,7,750,1267,Tidar,
1900000000 ,3,99,99,Malang,
1800000000 ,6,200,126,Lowokwaru,
275000000 ,2,36,72,Kedungkandang,
1150000000 ,3,125,102,Blimbing,
2500000000 ,3,180,162,Lowokwaru,
650000000 ,2,70,95,Malang,
435000000 ,2,50,80,Kedungkandang,
314000000 ,1,23,60,Sukun,
570000000 ,2,36,78,Tidar,
2250000000 ,3,150,212,Blimbing,
650000000 ,2,70,90,Lowokwaru,
425000000 ,2,54,72,Malang,
400000000 ,2,56,70,Sukun,
1700000000 ,5,105,117,Lowokwaru,
1250000000 ,3,120,120,Lowokwaru,
700000000 ,2,45,80,Malang,
1000000000 ,3,72,136,Lowokwaru,
1700000000 ,4,140,130,Shanta,
1250000000 ,4,80,80,Lowokwaru,
3700000000 ,3,225,225,Malang,
495000000 ,2,59,81,Sukun,6.0
2800000000 ,6,200,174,Lowokwaru,3.0
1500000000 ,4,112,112,Malang,1.0
975000000 ,3,75,98,Lowokwaru,7.0
250000000 ,2,36,66,Pakis,
1550000000 ,4,200,177,Lowokwaru,3.0
15000000000 ,6,500,749,Klojen,
1100000000 ,2,120,126,Malang,
1350000000 ,3,110,120,Blimbing,
985000000 ,3,72,136,Kota,
1800000000 ,5,195,200,Klojen,
1600000000 ,3,120,120,Blimbing,
1800000000 ,3,400,300,Pakis,
325000000 ,2,36,60,Dau,
2100000000 ,4,160,275,Dieng,
1350000000 ,2,172,92,Sukun,1.0
850000000 ,3,80,78,Lowokwaru,3.0
1350000000 ,4,200,130,Blimbing,6.0
3500000000 ,4,210,270,Malang,3.0
1250000000 ,3,100,126,Lowokwaru,
656000000 ,3,70,91,Dau,3.0
1800000000 ,5,195,200,Klojen,
1800000000 ,7,300,108,Blimbing,
810000000 ,2,58,60,Blimbing,10.0
920000000 ,2,126,98,Lowokwaru,
400000000 ,2,60,93,sidorahayu,5.0
425000000 ,3,58,68,Dinoyo,9.0
576000000 ,2,40,72,Pakis,
750000000 ,2,36,78,Sukun,
992000000 ,2,75,92,Blimbing,7.0
4500000000 ,5,250,400,Lowokwaru,
7100000000 ,6,600,800,Dieng,
1100000000 ,5,178,121,Dau,
442000000 ,3,60,116,Karangploso,2.0
1250000000 ,2,85,147,Araya,
760000000 ,2,47,113,Sukun,
256500000 ,2,36,66,Pakis,4.0
750000000 ,3,50,75,Lowokwaru,4.0
900000000 ,3,80,114,Blimbing,
550000000 ,2,70,131,Lowokwaru,
1150000000 ,2,75,90,Sukun,
1300000000 ,3,100,190,Lowokwaru,4.0
335000000 ,2,52,84,Kedungkandang,
600000000 ,2,50,86,Blimbing,
780000000 ,3,110,91,Sukun,
2730000000 ,5,182,180,Blimbing,
4900000000 ,3,322,240,Blimbing,
850000000 ,2,54,74,Blimbing,4.0
1530000000 ,4,200,177,Lowokwaru,5.0
1200000000 ,4,100,162,Merjosari,5.0
575000000 ,2,50,70,Singosari,
770000000 ,2,45,89,Blimbing,2.0
1750000000 ,3,102,98,Lowokwaru,
700000000 ,4,135,98,Kedungkandang,5.0
650000000 ,2,70,165,Dau,
1800000000 ,4,190,216,Malang,
615000000 ,3,65,80,Dau,3.0
620000000 ,2,45,100,Lowokwaru,
455000000 ,2,45,72,Lowokwaru,1.0
2000000000 ,3,110,216,Malang,
3950000000 ,6,300,356,Malang,
1600000000 ,3,80,119,Lowokwaru,
2800000000 ,10,259,300,Blimbing,6.0
1800000000 ,4,145,180,Sukun,
1550000000 ,3,80,133,Lowokwaru,
250000000 ,2,30,63,Ploso,5.0
1100000000 ,3,70,106,Lowokwaru,
725000000 ,3,65,84,Blimbing,
3200000000 ,4,120,135,Klojen,
750000000 ,2,40,72,Lowokwaru,
1500000000 ,4,151,159,Malang,
1100000000 ,3,112,590,Pakis,
150000000 ,2,32,60,Karangploso,
575000000 ,2,83,83,Blimbing,
890000000 ,2,60,80,Malang,
700000000 ,2,63,98,Dau,4.0
2800000000 ,10,100,300,Blimbing,
900000000 ,2,40,96,Kedungkandang,
600000000 ,65,71,71,Blimbing,
1500000000 ,10,176,88,Merjosari,
1600000000 ,10,300,900,Malang,
365000000 ,2,36,60,Lowokwaru,
227000000 ,2,39,43,Pakis,3.0
1750000000 ,3,200,161,Blimbing,5.0
650000000 ,2,45,85,Tunggulwulung,6.0
800000000 ,2,60,254,Dau,2.0
225000000 ,2,36,73,Karangploso,
360000000 ,2,36,72,Lowokwaru,
5000000000 ,9,450,465,Malang,
3250000000 ,5,250,205,Malang,
1500000000 ,3,92,141,Lowokwaru,1.0
850000000 ,3,100,135,Malang,
900000000 ,3,120,212,Sukun,3.0
5000000000 ,4,280,320,Sukun,
250000000 ,2,30,63,Ploso,5.0
365000000 ,2,36,60,Blimbing,
725000000 ,3,65,84,Blimbing,
1000000000 ,2,100,140,Dieng,
349789500 ,2,36,65,Malang,7.0
750000000 ,2,40,72,Lowokwaru,
500000000 ,2,50,84,Malang,
775000000 ,3,90,69,MALANG,
1100000000 ,3,112,590,Pakis,
5200000000 ,4,280,345,Malang,
1600000000 ,3,160,155,Lawang,16.0
720000000 ,2,45,87,Malang,
400000000 ,2,60,60,Malang,6.0
5200000000 ,7,500,406,Blimbing,
675000000 ,3,83,96,Sembuluh,
7000000000 ,5,525,502,Indah,
1800000000 ,4,171,124,Sukun,
2800000000 ,10,100,300,Blimbing,
750000000 ,3,135,141,Pakis,
365000000 ,2,36,60,Lowokwaru,
350000000 ,2,36,60,Dau,
1400000000 ,4,129,200,MALANG,
596000000 ,2,60,82,Dau,4.0
800000000 ,2,48,87,Lowokwaru,
1650000000 ,3,160,170,Indah,5.0
281750000 ,2,36,103,Poncokusumo,3.0
7000000000 ,4,350,400,Sukun,
750000000 ,3,50,75,Lowokwaru,4.0
850000000 ,3,100,135,Malang,
1400000000 ,3,122,96,Kedungkandang,2.0
2500000000 ,6,200,225,Kedungkandang,
2500000000 ,3,275,216,Blimbing,
5500000000 ,6,200,338,Jingga,
545000000 ,3,55,70,Dau,6.0
2107000000 ,5,200,301,Lowokwaru,
290000000 ,3,60,70,Singosari,
2950000000 ,4,150,328,Pakis,
650000000 ,2,36,78,Purwodadi,2.0
538000000 ,3,65,72,Sukun,
700000000 ,4,160,1044,MALANG,
600000000 ,2,60,70,Blimbing,
7000000000 ,5,525,502,Indah,
990000000 ,3,100,72,Sukun,
575000000 ,2,55,72,Blimbing,
5500000000 ,5,350,322,Sukun,
3750000000 ,4,250,300,Buah-Buahan,
425000000 ,3,56,66,Dau,9.0
1750000000 ,3,130,209,Klojen,
1600000000 ,6,270,250,Lowokwaru,
3000000000 ,3,300,210,Blimbing,
1750000000 ,5,250,234,Lowokwaru,
1500000000 ,10,138,97,Blimbing,3.0
450000000 ,2,50,60,Lowokwaru,
314000000 ,2,30,60,Sukun,
2850000000 ,4,366,183,Shanta,
280000000 ,2,56,105,Kedungkandang,3.0
7000000000 ,4,350,400,Sukun,
7000000000 ,5,500,276,Kota,
2800000000 ,6,360,250,Sukun,
1400000000 ,3,122,96,Kedungkandang,2.0
2500000000 ,6,200,225,Kedungkandang,
243000000 ,2,32,54,Ploso,
15000000000 ,20,900,416,Malang,
545000000 ,3,55,70,Dau,6.0
1800000000 ,5,230,119,Lowokwaru,6.0
2950000000 ,4,150,328,Pakis,
2500000000 ,4,300,161,Lowokwaru,8.0
1600000000 ,300,,300,Blimbing,
650000000 ,2,36,78,Purwodadi,2.0
750000000 ,3,97,63,Blimbing,2.0
700000000 ,4,160,1044,MALANG,
750000000 ,3,97,63,Blimbing,2.0
590000000 ,3,70,57,Dau,6.0
350000000 ,2,40,66,Kedungkandang,
425000000 ,3,56,66,Dau,9.0
3750000000 ,4,250,300,Buah-Buahan,
243000000 ,2,32,54,Malang,11.0
300000000 ,2,40,84,Kedungkandang,
1900000000 ,8,180,209,Blimbing,
165000000 ,2,36,60,Pakisaji,
315000000 ,2,42,65,Kedungkandang,
1500000000 ,10,138,97,Blimbing,3.0
365000000 ,2,52,84,Kedungkandang,
450000000 ,2,50,60,Lowokwaru,
425000000 ,2,40,71,Dau,
2850000000 ,4,366,183,Shanta,
475000000 ,2,46,70,Dau,1.0
775000000 ,2,60,120,Bayur,4.0
2800000000 ,6,360,250,Sukun,
800000000 ,3,50,112,Dinoyo,
15000000000 ,20,900,416,Malang,
2500000000 ,7,630,315,Blimbing,
11500000000 ,4,350,578,Klojen,
800000000 ,2,48,87,Sukun,
850000000 ,3,110,110,Ploso,
550000000 ,3,65,64,Dau,4.0
2500000000 ,4,300,161,Lowokwaru,8.0
1600000000 ,300,,300,Blimbing,
325000000 ,2,36,60,Dau,
330000000 ,2,38,60,Dau,
8000000000 ,4,500,525,Klojen,
3000000000 ,6,230,301,Merjosari,
1300000000 ,2,76,135,Klojen,
6000000000 ,6,250,318,Klojen,
11000000000 ,3,400,600,Klojen,
10500000000 ,13,500,632,Klojen,6.0
930000000 ,3,80,111,Lowokwaru,
238000000 ,2,39,46,Pakis,4.0
585380000 ,2,90,45,Dau,1.0
3500000000 ,6,300,180,Lowokwaru,
850000000 ,3,50,84,Dau,2.0
315000000 ,2,42,65,Kedungkandang,
725000000 ,2,75,75,Dinoyo,
365000000 ,2,52,84,Kedungkandang,
892343000 ,3,80,111,Dinoyo,4.0
475000000 ,2,46,70,Dau,1.0
750000000 ,3,80,75,Madu,2.0
775000000 ,2,60,120,Bayur,4.0
625000000 ,3,47,120,Lowokwaru,4.0
6250000000 ,5,500,360,Blimbing,
2000000000 ,4,150,205,Lowokwaru,
550000000 ,3,65,64,Dau,4.0
600000000 ,2,70,92,MALANG,
3500000000 ,4,250,300,Lowokwaru,
3000000000 ,6,230,301,Merjosari,
225000000 ,2,36,48,Kedungkandang,
265000000 ,2,50,50,karangploso-batu,8.0
1650000000 ,3,150,160,Blimbing,1.0
415000000 ,2,40,70,Dinoyo,
199000000 ,2,21,66,Karangploso,
700000000 ,3,80,84,Hatta,
300000000 ,2,40,68,Lesanpuro,1.0
325000000 ,3,50,74,Singosari,7.0
238000000 ,2,39,46,Pakis,4.0
545000000 ,3,58,66,Merjosari,9.0
7000000000 ,27,600,380,Mendut,
1250000000 ,3,150,101,Dinoyo,
225000000 ,2,36,60,Singosari,
1530000000 ,4,200,177,Lowokwaru,5.0
3300000000 ,3,115,135,Klojen,2.0
2500000000 ,7,350,214,Blimbing,
5750000000 ,3,257,384,Blimbing,
1100000000 ,4,160,126,Lowokwaru,
480000000 ,2,45,77,Merjosari,
394000000 ,2,72,72,Lawang,10.0
2000000000 ,3,150,220,Blimbing,
1000000000 ,9,240,120,Dau,
300000000 ,2,77,77,Bululawang,
170000000 ,2,28,60,Ploso,5.0
525000000 ,2,54,72,Lowokwaru,
1300000000 ,4,100,128,Dieng,
4500000000 ,5,300,395,Blimbing,
1030000000 ,2,117,127,Malang,
1100000000 ,3,122,184,Dau,
2400000000 ,5,270,160,Blimbing,1.0
15000000000 ,4,550,496,Blimbing,
13000000000 ,8,400,1000,Malang,
850000000 ,3,93,93,Blimbing,1.0
465000000 ,3,95,140,Kepanjen,4.0
1300000000 ,3,200,176,Malang,
5000000000 ,7,800,900,tidar,12.0
3550000000 ,5,400,240,Malang,
5415000000 ,5,274,264,Sukun,
380000000 ,2,36,60,Dau,
550000000 ,3,56,70,Dau,
12500000000 ,5,900,335,Blimbing,
889000000 ,3,120,180,Malang,
2400000000 ,4,250,200,Blimbing,
7000000000 ,4,500,450,Blimbing,
465000000 ,3,95,140,Kepanjen,10.0
5000000000 ,5,345,404,Blimbing,
5000000000 ,6,350,555,Araya,
335000000 ,3,52,84,Kedungkandang,
1300000000 ,4,170,96,Malang,
1800000000 ,5,250,131,Blimbing,3.0
20000000000 ,3,250,549,Blimbing,
17000000000 ,4,750,645,Blimbing,3.0
938000000 ,3,63,82,Sukun,
1100000000 ,4,160,126,Lowokwaru,
380000000 ,3,60,60,Malang,
850000000 ,4,80,159,Blimbing,
3000000000 ,3,225,225,Malang,
2400000000 ,5,270,160,Blimbing,1.0
15000000000 ,4,550,496,Blimbing,
7000000000 ,6,299,1446,Malang,
286000000 ,1,22,72,Kedungkandang,
700000000 ,4,164,82,Pakis,4.0
10000000000 ,7,750,645,Sulfat,
525000000 ,3,70,100,Lowokwaru,
1600000000 ,3,100,161,Pakis,
450000000 ,2,72,72,Kedungkandang,2.0
3750000000 ,3,375,250,Blimbing,
12500000000 ,5,900,335,Blimbing,
2400000000 ,3,90,123,Lowokwaru,
900000000 ,3,70,147,Blimbing,
261544800 ,2,80,80,Kedungkandang,
1180000000 ,4,114,97,Blimbing,1.0
2999000000 ,7,400,336,Hatta,
975000000 ,2,66,90,Blimbing,
10000000000 ,4,400,505,Lowokwaru,
2400000000 ,4,250,200,Blimbing,
355000000 ,2,45,70,Lesanpuro,
335000000 ,3,52,84,Kedungkandang,
499000000 ,2,38,63,Malang,
5500000000 ,4,375,450,Klojen,
3500000000 ,5,400,350,Lowokwaru,
17500000000 ,40,2000,1100,Lowokwaru,
1500000000 ,3,275,157,Klojen,
2500000000 ,4,200,240,Klojen,
850000000 ,4,80,159,Blimbing,
2580000000 ,4,260,157,Blimbing,1.0
220000000 ,2,36,60,Malang,
4200000000 ,3,244,240,Blimbing,
700000000 ,4,164,82,Pakis,4.0
660000000 ,3,60,98,Malang,
450000000 ,2,72,72,Kedungkandang,2.0
254000000 ,2,36,79,Kepanjen,
875000000 ,4,125,256,Malang,
8500000000 ,6,290,493,Klojen,
135000000 ,2,36,60,Sukun,
245000000 ,2,36,90,Ploso,13.0
535000000 ,2,36,83,Jl.arumba,2.0
1180000000 ,4,114,97,Blimbing,1.0
2999000000 ,7,400,336,Hatta,
3500000000 ,5,250,364,Klojen,
5500000000 ,5,500,375,Blimbing,
400000000 ,2,49,75,Arjowinangun,
355000000 ,2,45,70,Lesanpuro,
235000000 ,2,40,72,Tajinan,5.0
5000000000 ,3,240,498,Araya,
2900000000 ,10,500,1115,Mondoroko,
499000000 ,2,38,63,Malang,
1600000000 ,11,240,140,Dinoyo,
5500000000 ,4,375,450,Klojen,
442000000 ,50,78,78,Malang,
878000000 ,2,70,96,Sukun,2.0
3900000000 ,8,315,431,Malang,
2500000000 ,4,200,240,Klojen,
277000000 ,2,30,63,Buring,
7000000000 ,5,350,400,Sukun,6.0
3250000000 ,4,264,280,Sukun,
787000000 ,2,54,94,Sukun,2.0
885000000 ,4,110,115,Lowokwaru,
18500000000 ,13,1200,679,Lowokwaru,
1200000000 ,10,120,120,Lowokwaru,18.0
1100000000 ,3,120,203,Lowokwaru,
7000000000 ,9,650,398,Dau,
500000000 ,2,50,130,Pakis,
6000000000 ,6,250,657,Lowokwaru,7.0
1100000000 ,4,91,180,Blimbing,7.0
5000000000 ,3,350,450,Dieng,
670000000 ,3,65,90,Dau,9.0
5200000000 ,3,350,203,Klojen,
1100000000 ,4,90,177,Sukun,2.0
1500000000 ,4,350,234,Singosari,
6000000000 ,11,300,535,Malang,7.0
3150000000 ,6,350,200,Blimbing,
2600000000 ,4,200,200,Blimbing,
3000000000 ,4,220,460,Lowokwaru,
950000000 ,4,160,184,Tunggulwulung,4.0
485000000 ,4,150,80,Ploso,
,3,36,76,Kedungkandang,
550000000 ,2,80,80,Blimbing,
5500000000 ,5,500,375,Blimbing,
594000000 ,2,745,100,Blimbing,2.0
2100000000 ,4,280,250,Blimbing,
775000000 ,2,45,87,Dau,1.0
1550000000 ,3,98,153,Blimbing,
1550000000 ,9,140,268,Klojen,5.0
275000000 ,2,40,60,Kedungkandang,9.0
3500000000 ,6,300,250,Malang,
458000000 ,2,45,77,Pakis,8.0
12000000000 ,7,960,602,Blimbing,
1590000000 ,2,30,60,Klojen,
1900000000 ,5,250,131,Blimbing,3.0
5550000000 ,6,500,375,Blimbing,
2250000000 ,4,320,254,Dinoyo,
875000000 ,3,110,117,Blimbing,
3500000000 ,4,264,280,Lowokwaru,
549000000 ,2,55,60,Pangestu,3.0
5000000000 ,5,400,586,Lowokwaru,
3500000000 ,8,375,220,Blimbing,
1700000000 ,6,400,926,Lowokwaru,
750000000 ,3,150,150,Lowokwaru,
1500000000 ,4,150,156,Pakis,
675000000 ,3,70,103,Blimbing,
600000000 ,2,40,72,Lowokwaru,
850000000 ,2,73,106,Malang,
7000000000 ,11,500,600,Shanta,
1500000000 ,4,150,200,Araya,
575000000 ,3,140,86,Kedungkandang,
750000000 ,5,150,121,Sulfat,
975000000 ,3,80,66,Malang,2.0
1700000000 ,2,150,257,Pakis,2.0
575000000 ,3,140,86,Kedungkandang,
675000000 ,2,36,91,Blimbing,2.0
1200000000 ,3,125,126,Blimbing,9.0
5000000000 ,3,250,277,Malang,
1500000000 ,3,100,135,Dau,8.0
1500000000 ,4,160,91,Lowokwaru,7.0
475000000 ,2,84,84,Dau,
2700000000 ,3,140,261,Lowokwaru,6.0
2500000000 ,4,220,280,Blimbing,
15000000000 ,1,500,549,Klojen,
219000000 ,2,36,66,Ploso,
7750000000 ,4,300,250,Malang,
325000000 ,2,60,60,Malang,1.0
2580000000 ,4,260,157,Lowokwaru,
9800000000 ,14,450,505,Malang,
3500000000 ,8,375,220,Blimbing,
6500000000 ,4,350,289,Buah-Buahan,
675000000 ,3,70,103,Blimbing,
1000000000 ,2,80,107,Blimbing,
950000000 ,2,200,127,Karangbesuki,5.0
650000000 ,3,110,54,Tunjungsekar,
300000000 ,2,48,60,Arjowinangun,4.0
225000000 ,2,36,60,Singosari,
400000000 ,2,33,60,Dau,
575000000 ,3,140,86,Kedungkandang,
650000000 ,5,160,96,Pakis,
950000000 ,3,120,99,Blimbing,
3050000000 ,3,150,183,Lowokwaru,
5000000000 ,4,167,673,Lowokwaru,
442000000 ,2,50,78,Tlogowaru,6.0
1500000000 ,3,100,135,Dau,8.0
170000000 ,2,28,60,Ploso,
1600000000 ,3,125,125,Klojen,3.0
330000000 ,2,36,60,Kedungkandang,22.0
450000000 ,2,45,60,Merjosari,7.0
1800000000 ,3,145,180,Klojen,
1700000000 ,6,500,926,Lowokwaru,
8000000000 ,3,350,641,Blimbing,
15000000000 ,49,1000,700,Blimbing,
3250000000 ,4,270,215,malang,
669000000 ,2,48,78,Sukun,2.0
16000000000 ,8,700,500,Sukun,13.0
3700000000 ,5,300,200,Lowokwaru,4.0
990000000 ,3,100,72,Sukun,2.0
1700000000 ,5,400,985,Blimbing,5.0
5000000000 ,3,410,270,Lowokwaru,
550000000 ,3,125,68,Singosari,
625000000 ,3,47,121,Lowokwaru,4.0
650000000 ,4,150,93,Malang,1.0
1900000000 ,14,180,180,Lowokwaru,
795000000 ,2,70,83,Blimbing,
1600000000 ,3,140,116,Lowokwaru,
950000000 ,2,200,127,Karangbesuki,5.0
950000000 ,2,65,84,Malang,
160000000 ,2,30,60,Pakisaji,2.0
790000000 ,3,70,98,Blimbing,
135000000 ,2,36,60,Sukun,
885000000 ,3,130,100,Klojen,2.0
1900000000 ,4,150,170,Lowokwaru,
200000000 ,2,36,72,Wagir,7.0
799000000 ,4,160,84,Blimbing,
1150000000 ,3,120,145,Pakis,4.0
5500000000 ,6,350,620,Sukun,
3500000000 ,5,200,4884,Malang,
4500000000 ,5,250,580,Lowokwaru,4.0
325000000 ,2,36,75,Blimbing,6.0
12500000000 ,3,225,528,Penanggungan,
1200000000 ,3,136,136,Pakis,
350000000 ,2,38,60,Dau,
990000000 ,3,100,72,Sukun,2.0
750000000 ,2,55,84,Blimbing,
1700000000 ,5,400,985,Blimbing,5.0
670000000 ,3,60,60,Malang,6.0
1600000000 ,3,114,114,Pakis,
750000000 ,2,105,105,Sukun,
375000000 ,3,65,90,Ploso,
290000000 ,2,36,55,Ploso,
1200000000 ,2,70,120,Klojen,
1600000000 ,3,140,116,Lowokwaru,
975000000 ,3,77,97,Lowokwaru,7.0
425000000 ,2,45,81,Malang,
1800000000 ,5,270,135,Malang,
1800000000 ,3,120,240,Blimbing,9.0
1200000000 ,2,120,108,Blimbing,
3200000000 ,3,200,216,Lowokwaru,
950000000 ,3,90,124,Blimbing,
295000000 ,2,42,70,Kedungkandang,
400000000 ,3,50,63,Lowokwaru,
565000000 ,2,43,70,Blimbing,3.0
1600000000 ,3,98,136,Blimbing,
490500000 ,2,50,55,Madu,
1200000000 ,3,105,84,Lowokwaru,
3200000000 ,2,230,264,Blimbing,
975000000 ,2,70,90,Malang,
5500000000 ,5,280,407,Blimbing,2.0
5000000000 ,4,350,396,Klojen,4.0
1000000000 ,5,90,175,Blimbing,
12000000000 ,6,500,500,Sukun,
300000000 ,2,36,72,Pakis,
550000000 ,3,65,81,Merjosari,
7000000000 ,5,350,400,Sukun,3.0
1600000000 ,4,250,180,Blimbing,1.0
725000000 ,3,75,79,Blimbing,
375000000 ,2,40,85,Lesanpuro,
550000000 ,3,90,119,Pakis,
465000000 ,3,50,83,Dau,7.0
5550000900 ,6,200,338,Lowokwaru,
530000000 ,2,48,60,Tunggulwulung,6.0
250000000 ,2,30,75,malang,9.0
282000000 ,2,30,60,Sukun,
1250000000 ,3,100,130,Lowokwaru,
1059000000 ,2,75,100,Bunulrejo,5.0
900000000 ,2,45,136,Lowokwaru,
399000000 ,2,55,78,Lowokwaru,1.0
5000000000 ,3,410,270,Lowokwaru,
199000000 ,1,21,66,Madu,7.0
1480000000 ,3,170,198,Blimbing,
750000000 ,3,144,234,PAKIS,
2000000000 ,12,200,110,Lowokwaru,6.0
499500000 ,2,50,60,Hatta,
600000000 ,65,71,71,Pandanwangi,
519000000 ,3,70,70,Dinoyo,9.0
2600000000 ,5,180,168,Araya,
900000000 ,3,100,120,Blimbing,
3100000000 ,3,275,225,Blimbing,
5000000000 ,4,350,396,Klojen,4.0
1000000000 ,5,90,175,Blimbing,
300000000 ,2,36,72,Pakis,
325000000 ,2,36,75,Blimbing,6.0
550000000 ,3,65,81,Merjosari,
7000000000 ,5,350,400,Sukun,3.0
1600000000 ,4,250,180,Blimbing,1.0
600000000 ,2,45,86,Blimbing,2.0
725000000 ,3,75,79,Blimbing,
375000000 ,2,40,85,Lesanpuro,
550000000 ,3,90,119,Pakis,
375000000 ,3,65,90,Ploso,
465000000 ,3,50,83,Dau,7.0
530000000 ,2,48,60,Tunggulwulung,6.0
250000000 ,2,30,75,malang,9.0
3500000000 ,8,220,375,Blimbing,
1250000000 ,3,100,130,Lowokwaru,
1059000000 ,2,75,100,Bunulrejo,5.0
900000000 ,2,45,136,Lowokwaru,
399000000 ,2,55,78,Lowokwaru,1.0
5000000000 ,3,410,270,Lowokwaru,
1480000000 ,3,170,198,Blimbing,
750000000 ,3,144,234,PAKIS,
2000000000 ,12,200,110,Lowokwaru,6.0
499500000 ,2,50,60,Hatta,
7200000000 ,19,666,1251,Malang,1.0
2600000000 ,5,180,168,Araya,
900000000 ,3,100,120,Blimbing,
450000000 ,2,36,73,Blimbing,6.0
3100000000 ,3,275,225,Blimbing,
650000000 ,2,80,91,Malang,
2000000000 ,6,300,200,Sukun,
820000000 ,3,75,105,Barat,
900000000 ,2,71,98,Sukun,
1150000000 ,3,125,102,Blimbing,
1750000000 ,4,200,124,Lowokwaru,2.0
2300000000 ,3,250,300,Blimbing,7.0
7250000000 ,5,360,392,Blimbing,
1500000000 ,3,65,105,Malang,4.0
3255000000 ,3,180,205,Tidar,
1350000000 ,3,135,119,Blimbing,
1375000000 ,5,150,110,Hatta,
2500000000 ,4,212,240,Araya,
1650000000 ,4,150,3,Tidar,
1100000000 ,3,90,126,Blimbing,
5100000000 ,7,400,328,Malang,3.0
1200000000 ,2,45,90,Kota,
650000000 ,3,112,112,Ploso,
550000000 ,2,72,84,Sukun,
1500000000 ,3,250,91,Sukun,
560000000 ,2,48,71,Malang,11.0
1600000000 ,6,400,143,Blimbing,
1800000000 ,5,189,200,Sukun,
1100000000 ,2,60,98,Sukun,
1800000000 ,5,160,183,Malang,
4000000000 ,6,256,345,Malang,
2500000000 ,4,400,285,Dieng,
368000000 ,2,74,40,Karangploso,
5500000000 ,4,300,435,Shanta,
7500000000 ,6,462,831,Blimbing,
5000000000 ,8,300,449,Blimbing,3.0
2500000000 ,6,200,260,Malang,
1725000000 ,4,150,140,Blimbing,
3050000000 ,3,250,226,Lowokwaru,3.0
1900000000 ,8,180,209,Lowokwaru,4.0
4000000000 ,3,360,266,Lowokwaru,4.0
975000000 ,3,66,96,Lowokwaru,
449000000 ,3,65,60,Pakis,
3000000000 ,4,160,220,Sukun,
2500000000 ,3,268,268,Lowokwaru,1.0
1950000000 ,7,170,170,Dieng,
595000000 ,4,135,84,Sukun,
2500000000 ,4,250,300,Blimbing,
535000000 ,2,57,60,Malang,11.0
750000000 ,2,36,78,Sukun,
2300000000 ,5,285,208,Blimbing,
2500000000 ,3,150,236,Dau,
8600000000 ,4,600,476,Gunung-gunung,
900000000 ,3,93,49,Malang,1.0
2100000000 ,3,240,180,Araya,
1100000000 ,4,148,197,Blimbing,
5250000000 ,4,380,420,Sukun,
395000000 ,2,55,65,Malang,5.0
2600000000 ,5,250,240,Blimbing,
2200000000 ,4,130,145,Lowokwaru,
6000000000 ,6,601,401,Blimbing,4.0
7000000000 ,2,511,511,Kota,
2450000000 ,4,200,200,Blimbing,7.0
1800000000 ,4,180,200,Lowokwaru,
875000000 ,2,140,74,Sukun,
350000000 ,2,40,60,Pakis,9.0
875000000 ,2,90,90,Blimbing,
390000000 ,2,65,65,),
550000000 ,2,45,72,Malang,
613000000 ,2,42,69,Lowokwaru,
1950000000 ,4,150,216,Blimbing,
1700000000 ,3,145,126,Blimbing,1.0
400000000 ,2,45,100,Dau,4.0
2100000000 ,8,200,283,Sengkaling,
550000000 ,2,60,78,Sukun,
550000000 ,2,60,84,Blimbing,
2411000000 ,3,144,187,Tidar,
1100000000 ,2,47,96,Kedungkandang,
650000000 ,2,50,80,Hatta,
2800000000 ,4,280,466,Blimbing,
2000000000 ,3,200,240,Blimbing,4.0
425000000 ,2,54,72,Sukun,
1200000000 ,5,140,125,Blimbing,
400000000 ,2,75,75,Lowokwaru,
525000000 ,2,45,92,Dau,2.0
2000000000 ,3,200,240,Malang,
725000000 ,5,120,126,Malang,2.0
1200000000 ,10,200,128,Sukun,
698000000 ,3,57,77,Dau,10.0
369000000 ,3,60,50,Dau,
575000000 ,2,70,114,Malang,
400000000 ,3,65,60,Pakis,
1800000000 ,5,170,200,Araya,
2300000000 ,4,160,146,Malang,
1295000000 ,3,120,126,Lowokwaru,
2100000000 ,4,200,174,Lowokwaru,
426062500 ,2,39,60,Lowokwaru,1.0
850000000 ,2,70,90,Blimbing,
3200000000 ,4,165,144,Lowokwaru,
1200000000 ,2,100,120,Malang,3.0
1100000000 ,4,90,117,Sukun,2.0
650000000 ,2,54,88,Blimbing,5.0
6300000000 ,6,450,375,Blimbing,3.0
587000000 ,2,50,71,Madu,
2150000000 ,4,200,100,Klojen,
5500000000 ,4,350,450,Malang,4.0
850000000 ,2,54,108,Pakis,3.0
284000000 ,2,38,60,Pakis,19.0
244000000 ,2,38,60,Pakis,
272000000 ,2,30,64,Kedungkandang,3.0
400000000 ,3,65,60,Pakis,
525000000 ,2,45,92,Dau,2.0
4500000000 ,7,500,531,Blimbing,
1800000000 ,3,200,160,Pakis,
290000000 ,2,25,70,Malang,4.0
1900000000 ,10,420,420,Pakis,
350000000 ,2,36,72,Kedungkandang,6.0
200000000 ,2,30,66,Kedungkandang,
4300000000 ,4,300,354,Klojen,
860000000 ,3,77,99,Tunggulwulung,8.0
900000000 ,3,80,70,Kota,
3500000000 ,6,149,339,Sukun,2.0
2000000000 ,8,300,184,Blimbing,
1050000000 ,3,105,98,Blimbing,3.0
850000000 ,2,50,105,Tidar,
560000000 ,3,54,91,Dau,4.0
4000000000 ,4,400,450,Indah,
850000000 ,3,166,83,MALANG,
992000000 ,2,75,92,Blimbing,10.0
200000000 ,2,30,60,Kedungkandang,8.0
180600000 ,2,30,60,Bululawang,6.0
1000000000 ,9,240,120,Dau,3.0
2800000000 ,6,250,296,Malang,
995000000 ,3,90,98,Blimbing,
1300000000 ,2,50,90,Lowokwaru,
2000000000 ,7,292,175,Blimbing,3.0
229000000 ,2,40,72,Ploso,
399000000 ,2,50,72,Ploso,
304000000 ,2,45,84,Batu,1.0
600000000 ,2,50,60,Ploso,
1700000000 ,3,150,132,Malang,
400000000 ,3,65,60,Blimbing,
228000000 ,1,27,66,Lowokwaru,7.0
1300000000 ,3,130,125,Blimbing,
505000000 ,2,60,143,Sukun,6.0
5200000000 ,5,375,418,Araya,
3500000000 ,6,300,4001,Blimbing,
800000000 ,2,75,75,Blimbing,2.0
1250000000 ,2,76,130,Malang,
575000000 ,2,100,60,Ploso,11.0
350000000 ,2,36,69,Lawang,8.0
200000000 ,2,30,60,Karangploso,
345000000 ,2,38,63,Sukun,9.0
1250000000 ,4,104,71,Lowokwaru,
1600000000 ,5,111,180,Malang,
595000000 ,2,84,84,Malang,
500000000 ,2,60,72,Malang,
850000000 ,3,166,83,MALANG,
992000000 ,2,75,92,Blimbing,10.0
500000000 ,2,40,72,Pakis,
2800000000 ,6,250,296,Malang,
1300000000 ,2,50,90,Lowokwaru,
9000000000 ,8,825,600,Blimbing,10.0
3700000000 ,33,600,284,Klojen,
375000000 ,2,40,90,Malang,6.0
689000000 ,2,45,84,Blimbing,
680000000 ,2,45,72,Dau,
950000000 ,3,200,84,Lowokwaru,
4250000000 ,5,800,509,Klojen,
404000000 ,2,48,66,Lowokwaru,9.0
228000000 ,1,27,66,Lowokwaru,7.0
505000000 ,2,60,143,Sukun,6.0
5200000000 ,5,375,418,Araya,
7000000000 ,8,350,389,Lowokwaru,
435000000 ,2,50,83,Kedungkandang,
800000000 ,2,75,75,Blimbing,2.0
1250000000 ,2,76,130,Malang,
5500000000 ,3,350,450,Sukun,
5200000000 ,4,410,375,Blimbing,
420000000 ,2,84,84,Malang,
850000000 ,3,60,60,Blimbing,6.0
345000000 ,2,38,63,Sukun,9.0
3900000000 ,8,315,431,Lowokwaru,
219000000 ,2,36,66,Ploso,
1299000000 ,3,102,91,Kedungkandang,2.0
500000000 ,2,60,72,Malang,
625000000 ,2,45,105,Tanjungrejo,4.0
683000000 ,2,60,69,Tunggulwulung,
300000000 ,2,38,60,Dau,
595000000 ,2,61,73,Dau,2.0
3150000000 ,4,250,200,Araya,
3300000000 ,5,174,388,Sukun,
2000000000 ,3,160,131,Sukun,
340000000 ,2,31,60,Malang,11.0
280000000 ,2,64,67,Pakis,
1200000000 ,3,50,131,Malang,
950000000 ,3,200,84,Lowokwaru,
404000000 ,2,48,66,Lowokwaru,9.0
4800000000 ,10,400,470,Jatimulyo,
880000000 ,3,90,102,Sukun,
668000000 ,3,75,130,Singosari,
450000000 ,3,50,72,Tlogomas,7.0
599000000 ,2,60,72,Cemorokandang,
385000000 ,3,56,84,Lawang,10.0
550000000 ,3,125,68,Singosari,
6500000000 ,6,385,500,Malang,
675000000 ,3,90,123,Sukun,
435000000 ,2,50,83,Kedungkandang,
750000000 ,2,60,90,Malang,
880000000 ,3,90,102,Malang,1.0
595000000 ,4,135,84,Klojen,4.0
5500000000 ,6,601,401,Lowokwaru,
2100000000 ,4,113,240,Blimbing,3.0
3500000000 ,6,350,347,Lowokwaru,
535000000 ,2,45,60,Lowokwaru,
860000000 ,3,70,89,Blimbing,
1650000000 ,3,130,200,Sukun,
1250000000 ,3,75,106,Lowokwaru,
2100000000 ,14,250,237,Lowokwaru,
1450000000 ,4,100,150,Sukun,
1200000000 ,3,80,155,Blimbing,
650000000 ,2,70,95,Blimbing,
1650000000 ,11,150,100,Lowokwaru,3.0
1000000000 ,2,70,84,Blimbing,
1900000000 ,3,80,154,Lowokwaru,
1250000000 ,4,315,150,Sukun,
1900000000 ,14,180,180,Lowokwaru,
950000000 ,3,102,91,Blimbing,
1400000000 ,4,225,200,Blimbing,
2500000000 ,25,450,244,Lowokwaru,
1250000000 ,3,100,112,Griyashanta,
4500000000 ,5,484,484,Blimbing,
610000000 ,2,40,72,Lowokwaru,
1150000000 ,4,270,100,Samaan,
1300000000 ,3,100,135,Blimbing,
1750000000 ,3,101,198,Sukun,
2100000000 ,4,200,400,Lowokwaru,
1500000000 ,3,210,285,Arjosari,
3900000000 ,4,300,500,Dau,
1000000000 ,4,140,133,Lowokwaru,
1450000000 ,3,150,190,Sukun,
2150000000 ,3,190,150,Blimbing,
700000000 ,2,48,66,Lowokwaru,
775000000 ,3,96,96,Blimbing,
850000000 ,2,70,84,Blimbing,2.0
4000000000 ,6,250,553,Andalas,3.0
4000000000 ,4,340,266,Blimbing,
7000000000 ,7,650,550,Hatta,
7000000000 ,5,400,695,Klojen,
4000000000 ,7,250,300,Sukun,
3200000000 ,3,150,247,Hatta,
1700000000 ,2,100,153,Blimbing,
2500000000 ,4,300,165,Lowokwaru,6.0
15000000000 ,7,1000,900,Pakis,
950000000 ,2,70,98,Lowokwaru,
749000000 ,2,69,103,Lowokwaru,
1250000000 ,4,315,150,Sukun,
2900000000 ,5,220,265,Sukun,
950000000 ,3,102,91,Blimbing,
3000000000 ,3,70,211,Lowokwaru,
7000000000 ,5,350,400,Sukun,
425000000 ,2,60,78,Sukun,
1500000000 ,3,90,135,Karangbesuki,5.0
1500000000 ,3,185,148,Sukun,
10200000000 ,6,500,830,Blimbing,
5500000000 ,4,226,448,Tidar,
7800000000 ,5,600,539,Malang,
650000000 ,2,70,70,Blimbing,
785000000 ,3,95,105,Lowokwaru,
1800000000 ,6,300,230,Lowokwaru,
1200000000 ,3,105,84,Lowokwaru,
350000000 ,2,40,66,Kedungkandang,
490000000 ,2,50,78,Dieng,
790000000 ,2,60,74,Blimbing,
250000000 ,2,36,60,Pakis,
450000000 ,2,50,60,Ploso,4.0
3000000000 ,3,242,453,Araya,
900000000 ,3,100,334,Malang,
225000000 ,2,36,60,Singosari,
2400000000 ,10,180,104,Lowokwaru,4.0
6500000000 ,5,400,695,Dau,
3100000000 ,3,150,296,Tidar,
6500000000 ,5,350,263,Sukun,3.0
399500000 ,2,45,60,Cemorokandang,2.0
1400000000 ,3,122,96,Cemorokandang,3.0
585000000 ,2,42,70,Lowokwaru,7.0
1500000000 ,3,110,135,Lowokwaru,
1600000000 ,4,200,130,Blimbing,2.0
385000000 ,3,99,99,Pakis,
4000000000 ,5,474,300,Blimbing,
1300000000 ,5,220,195,Lowokwaru,4.0
4500000000 ,15,480,160,Lowokwaru,
1400000000 ,3,100,128,Pakis,
1900000000 ,3,80,154,Lowokwaru,
16000000000 ,5,880,880,Blimbing,13.0
850000000 ,3,69,84,Lowokwaru,
650000000 ,1,50,72,Ploso,
5500000000 ,7,600,435,Dau,5.0
299000000 ,2,36,60,Pakis,9.0
259000000 ,2,40,72,Ploso,2.0
1800000000 ,3,110,200,Dau,3.0
2000000000 ,4,198,213,Klojen,4.0
790000000 ,2,57,74,Blimbing,5.0
499000000 ,3,65,67,Dau,2.0
975000000 ,2,85,108,Sawojajar,
750000000 ,2,36,93,Ploso,
1450000000 ,3,90,72,Merjosari,
1500000000 ,5,72,72,Lowokwaru,
679000000 ,2,70,50,Blimbing,
10000000000 ,6,500,399,Klojen,
237250000 ,2,25,60,Sukun,12.0
15000000000 ,9,1500,900,Pakis,
585000000 ,2,42,70,Lowokwaru,7.0
1500000000 ,3,110,135,Lowokwaru,
2500000000 ,3,180,162,Lowokwaru,
567000000 ,2,42,69,Lowokwaru,
275000000 ,2,40,72,Tajinan,5.0
3000000000 ,4,240,272,Kedungkandang,
510000000 ,3,45,86,Blimbing,
1400000000 ,3,100,128,Pakis,
950000000 ,4,170,84,Lowokwaru,
1800000000 ,6,100,150,Pisangcandi,3.0
1100000000 ,4,120,135,Blimbing,
850000000 ,3,69,84,Lowokwaru,
2100000000 ,3,150,225,Blimbing,
2580000000 ,4,260,157,Lowokwaru,
1300000000 ,4,128,168,Sukun,
1350000000 ,2,65,198,Sukun,
3297000000 ,3,198,224,Tidar,
1200000000 ,12,89,140,Lowokwaru,
2600000000 ,6,150,215,Klojen,
230000000 ,2,30,60,Pakis,3.0
435000000 ,2,45,72,Lowokwaru,1.0
10000000000 ,4,550,496,Dieng,
10000000000 ,1,1355,1355,Kedungkandang,
875000000 ,2,116,116,Bandulan,
1800000000 ,4,160,216,Klojen,
3000000000 ,3,100,124,Mojolangu,5.0
3000000000 ,3,242,453,Araya,
2400000000 ,10,180,104,Lowokwaru,4.0
225000000 ,2,36,60,Singosari,
975000000 ,5,250,126,Dinoyo,5.0
6500000000 ,5,350,263,Sukun,3.0
2300000000 ,4,250,155,Lowokwaru,
399000000 ,2,42,66,Kedungkandang,4.0
380000000 ,3,50,72,Singosari,
1600000000 ,4,200,130,Blimbing,2.0
570000000 ,4,100,81,Sukun,
385000000 ,3,99,99,Pakis,
2400000000 ,4,244,158,Klojen,7.0
1300000000 ,5,220,195,Lowokwaru,4.0
180000000 ,2,40,60,Kedungkandang,
1000000000 ,5,130,150,Lowokwaru,2.0
565000000 ,2,36,83,Lowokwaru,8.0
16000000000 ,5,880,880,Blimbing,13.0
6300000000 ,5,450,375,Blimbing,
2500000000 ,4,300,161,Blimbing,9.0
5500000000 ,7,600,435,Dau,5.0
299000000 ,2,36,60,Pakis,9.0
9000000000 ,9,620,375,Blimbing,13.0
259000000 ,2,40,72,Ploso,2.0
1800000000 ,3,110,200,Dau,3.0
4000000000 ,5,474,300,Blimbing,4.0
499000000 ,3,65,67,Dau,2.0
975000000 ,2,85,108,Sawojajar,
1500000000 ,4,230,190,Malang,
319000000 ,2,65,65,Tlogowaru,4.0
185000000 ,2,36,72,Singosari,
430000000 ,3,94,94,Lawang,
193000000 ,2,36,75,Kepanjen,
12500000000 ,8,1003,1000,Dau,
250000000 ,2,36,66,Pakis,
850000000 ,16,150,95,Lowokwaru,
850000000 ,2,70,100,Sukun,
500000000 ,2,72,72,Tunjungsekar,
795000000 ,3,75,89,Blimbing,
800000000 ,2,75,75,Blimbing,5.0
550000000 ,4,73,73,Malang,
1050000000 ,3,140,172,Malang,
550000000 ,2,48,84,Lawang,
2900000000 ,4,200,294,Sukun,
2800000000 ,6,360,250,Lowokwaru,
3220000000 ,13,254,84,Lowokwaru,
400000000 ,3,57,68,Dau,
700000000 ,4,160,104,Ploso,
3250000000 ,12,350,198,Lowokwaru,
1350000000 ,3,90,72,Merjosari,
4000000000 ,5,450,375,Ploso,
3300000000 ,5,156,450,Dau,3.0
1600000000 ,3,90,201,Malang,
850000000 ,2,62,62,Lowokwaru,14.0
336000000 ,2,38,78,Singosari,9.0
1250000000 ,2,95,153,Sulfat,7.0
350000000 ,2,25,107,Pakisaji,12.0
550000000 ,3,50,50,Lowokwaru,
980000000 ,5,130,98,Sukun,
850000000 ,2,110,112,Sukun,
977000000 ,3,111,80,Sukun,
670000000 ,3,70,91,Dau,10.0
1200000000 ,2,105,162,Lowokwaru,
30000000000 ,5,850,977,Malang,
900000000 ,3,81,84,Sukun,
2000000000 ,6,200,198,Blimbing,
800000000 ,2,45,116,Blimbing,
7900000000 ,5,421,630,Blimbing,
600000000 ,1,50,80,Lowokwaru,
3000000000 ,4,200,216,Dau,1.0
2000000000 ,3,200,240,Malang,
4300000000 ,4,250,280,Malang,
1700000000 ,6,180,118,Blimbing,
5500000000 ,5,280,407,Lowokwaru,
669000000 ,2,60,74,Lowokwaru,
495000000 ,2,50,100,Malang,
1200000000 ,2,110,135,Lowokwaru,
450000000 ,3,75,75,Malang,1.0
750000000 ,5,162,81,Sukun,
1250000000 ,2,150,409,Lowokwaru,
27500000000 ,6,400,785,Gunung-gunung,
1800000000 ,5,200,159,Lowokwaru,4.0
950000000 ,3,80,129,Lowokwaru,
1200000000 ,3,105,84,Lowokwaru,
1350000000 ,4,125,117,Blimbing,9.0
850000000 ,4,120,102,Blimbing,
7000000000 ,5,750,546,Blimbing,
1550000000 ,4,155,155,Sukun,
160000000 ,2,30,30,Sukun,
1600000000 ,4,125,98,Blimbing,7.0
349000000 ,3,50,60,Kedungkandang,8.0
5500000000 ,6,295,360,Blimbing,
2500000000 ,4,300,161,Lowokwaru,8.0
675000000 ,3,160,350,Dau,
1150000000 ,2,51,112,Karangbesuki,5.0
1200000000 ,3,100,120,Dau,
3600000000 ,5,500,350,Blimbing,
4800000000 ,22,487,2337,Lowokwaru,
10000000000 ,7,340,400,Klojen,
150000000 ,2,25,60,Pakis,
225000000 ,2,60,41,Pakis,5.0
900000000 ,4,150,141,langsep,3.0
1500000000 ,5,225,250,Singosari,
950000000 ,3,135,102,Blimbing,
450000000 ,4,108,108,Malang,
800000000 ,2,112,112,Kedungkandang,
6800000000 ,4,510,430,Klojen,
795000000 ,2,83,70,Araya,
295000000 ,2,36,72,Ploso,
2300000000 ,4,178,148,Klojen,4.0
2900000000 ,5,180,236,Blimbing,10.0
485000000 ,2,45,72,Hatta,
2500000000 ,7,350,214,Blimbing,
850000000 ,3,73,92,Blimbing,4.0
400000000 ,2,45,66,Kedungkandang,
950000000 ,4,105,87,Sukun,3.0
975000000 ,3,130,140,Blimbing,1.0
15000000000 ,11,320,680,Klojen,
